Bet,Team,Source,Week
5th MOST RB Rec,49ers,CBS + Last 5 (60/40),4.0
5th MOST TE Rec,49ers,CBS + Last 5 (60/40),4.0
3rd LEAST RB Rec,Bears,CBS + Last 5 (60/40),4.0
3rd MOST TE Rec,Bengals,CBS + Last 5 (60/40),4.0
3rd MOST QB Pass Yards,Bengals,CBS + Last 5 (60/40),4.0
2nd MOST TE Rec Yards,Bengals,CBS + Last 5 (60/40),4.0
MOST RB Rec Yards,Bengals,CBS + Last 5 (60/40),4.0
3rd MOST RB Rec,Bengals,CBS + Last 5 (60/40),4.0
5th MOST WR Rec,Bills,CBS + Last 5 (60/40),4.0
2nd MOST WR Rec Yards,Bills,CBS + Last 5 (60/40),4.0
2nd MOST RB Rec,Bills,CBS + Last 5 (60/40),4.0
2nd MOST RB Rec Yards,Bills,CBS + Last 5 (60/40),4.0
5th MOST QB Pass Yards,Bills,CBS + Last 5 (60/40),4.0
LEAST WR Rec,Broncos,CBS + Last 5 (60/40),4.0
2nd MOST RB Rush Yards,Broncos,CBS + Last 5 (60/40),4.0
3rd MOST RB Rec Yards,Broncos,CBS + Last 5 (60/40),4.0
5th LEAST RB Rec Yards,Browns,CBS + Last 5 (60/40),4.0
2nd LEAST RB Rush Yards,Buccaneers,CBS + Last 5 (60/40),4.0
MOST RB Rec,Buccaneers,CBS + Last 5 (60/40),4.0
4th LEAST WR Rec,Buccaneers,CBS + Last 5 (60/40),4.0
LEAST RB Rec,Cardinals,CBS + Last 5 (60/40),4.0
5th LEAST WR Rec,Cardinals,CBS + Last 5 (60/40),4.0
4th LEAST RB Rec Yards,Cardinals,CBS + Last 5 (60/40),4.0
3rd LEAST QB Pass Yards,Chiefs,CBS + Last 5 (60/40),4.0
4th LEAST WR Rec Yards,Chiefs,CBS + Last 5 (60/40),4.0
2nd MOST QB Pass Yards,Colts,CBS + Last 5 (60/40),4.0
4th MOST RB Rec Yards,Colts,CBS + Last 5 (60/40),4.0
5th MOST WR Rec Yards,Colts,CBS + Last 5 (60/40),4.0
4th MOST QB Pass Yards,Commanders,CBS + Last 5 (60/40),4.0
3rd LEAST RB Rush Yards,Commanders,CBS + Last 5 (60/40),4.0
MOST WR Rec,Commanders,CBS + Last 5 (60/40),4.0
3rd MOST WR Rec Yards,Commanders,CBS + Last 5 (60/40),4.0
5th MOST RB Rush Yards,Cowboys,CBS + Last 5 (60/40),4.0
5th MOST RB Rec Yards,Dolphins,CBS + Last 5 (60/40),4.0
5th MOST TE Rec Yards,Dolphins,CBS + Last 5 (60/40),4.0
2nd LEAST RB Rec,Eagles,CBS + Last 5 (60/40),4.0
LEAST RB Rec Yards,Eagles,CBS + Last 5 (60/40),4.0
MOST WR Rec Yards,Falcons,CBS + Last 5 (60/40),4.0
3rd MOST WR Rec,Falcons,CBS + Last 5 (60/40),4.0
LEAST RB Rush Yards,Falcons,CBS + Last 5 (60/40),4.0
5th LEAST TE Rec Yards,Jaguars,CBS + Last 5 (60/40),4.0
4th LEAST RB Rush Yards,Jaguars,CBS + Last 5 (60/40),4.0
LEAST TE Rec,Jaguars,CBS + Last 5 (60/40),4.0
5th LEAST WR Rec Yards,Jets,CBS + Last 5 (60/40),4.0
4th LEAST QB Pass Yards,Jets,CBS + Last 5 (60/40),4.0
4th MOST WR Rec Yards,Lions,CBS + Last 5 (60/40),4.0
4th MOST WR Rec,Lions,CBS + Last 5 (60/40),4.0
MOST TE Rec Yards,Lions,CBS + Last 5 (60/40),4.0
MOST QB Pass Yards,Lions,CBS + Last 5 (60/40),4.0
MOST TE Rec,Lions,CBS + Last 5 (60/40),4.0
4th LEAST RB Rec,Packers,CBS + Last 5 (60/40),4.0
3rd MOST RB Rush Yards,Packers,CBS + Last 5 (60/40),4.0
5th LEAST QB Pass Yards,Panthers,CBS + Last 5 (60/40),4.0
MOST RB Rush Yards,Panthers,CBS + Last 5 (60/40),4.0
3rd LEAST WR Rec Yards,Panthers,CBS + Last 5 (60/40),4.0
4th LEAST TE Rec Yards,Patriots,CBS + Last 5 (60/40),4.0
4th MOST TE Rec,Raiders,CBS + Last 5 (60/40),4.0
3rd LEAST WR Rec,Raiders,CBS + Last 5 (60/40),4.0
3rd LEAST TE Rec,Rams,CBS + Last 5 (60/40),4.0
2nd LEAST TE Rec Yards,Rams,CBS + Last 5 (60/40),4.0
4th MOST RB Rec,Rams,CBS + Last 5 (60/40),4.0
2nd LEAST WR Rec,Rams,CBS + Last 5 (60/40),4.0
2nd LEAST QB Pass Yards,Rams,CBS + Last 5 (60/40),4.0
2nd MOST WR Rec,Ravens,CBS + Last 5 (60/40),4.0
3rd LEAST RB Rec Yards,Ravens,CBS + Last 5 (60/40),4.0
4th MOST RB Rush Yards,Saints,CBS + Last 5 (60/40),4.0
3rd MOST TE Rec Yards,Saints,CBS + Last 5 (60/40),4.0
2nd LEAST WR Rec Yards,Saints,CBS + Last 5 (60/40),4.0
2nd MOST TE Rec,Saints,CBS + Last 5 (60/40),4.0
LEAST QB Pass Yards,Seahawks,CBS + Last 5 (60/40),4.0
LEAST WR Rec Yards,Seahawks,CBS + Last 5 (60/40),4.0
5th LEAST RB Rush Yards,Seahawks,CBS + Last 5 (60/40),4.0
3rd LEAST TE Rec Yards,Seahawks,CBS + Last 5 (60/40),4.0
2nd LEAST TE Rec,Steelers,CBS + Last 5 (60/40),4.0
2nd LEAST RB Rec Yards,Texans,CBS + Last 5 (60/40),4.0
4th MOST TE Rec Yards,Texans,CBS + Last 5 (60/40),4.0
5th LEAST RB Rec,Texans,CBS + Last 5 (60/40),4.0
LEAST TE Rec Yards,Titans,CBS + Last 5 (60/40),4.0
5th LEAST TE Rec,Titans,CBS + Last 5 (60/40),4.0
4th LEAST TE Rec,Vikings,CBS + Last 5 (60/40),4.0
