Rank,Team,Player,"Fantasy Position",Games,SOS,Bye,InjuryRisk,"Floor Proj","Consensus Proj","DS Proj",CeilingProj,"3D Value"
1,LAR,"Puka Nacua",WR,9.0,-3.3%,8,83%,19.3,18.8,22.2,25.1,100
2,SEA,"Jaxon Smith-Njigba",WR,9.0,-1.2%,8,79%,16.7,20,19.6,24.5,84.4
3,CIN,"Ja'Marr Chase",WR,8.0,9.3%,10,48%,17.7,18.9,20.1,27.3,75.9
4,DET,"Amon-Ra St. Brown",WR,9.0,10.7%,8,35%,15.2,18.8,17.9,24.3,75.1
5,ATL,"Bijan Robinson",RB,9.0,-6.4%,5,39%,15.9,18.5,18.7,22.4,73.9
6,MIN,"Justin Jefferson",WR,9.0,11.7%,6,53%,15.1,16.1,17.6,21.5,68.3
7,DET,"Jahmyr Gibbs",RB,9.0,-0.3%,8,70%,15.1,17.4,18.4,20.6,68.2
8,SF,"Christian McCaffrey",RB,8.0,-7.3%,14,52%,18.5,21.9,19.7,23.8,67.7
9,DAL,"CeeDee Lamb",WR,8.0,-4.7%,10,66%,16.4,18.2,18.6,26.6,67.2
10,IND,"Jonathan Taylor",RB,8.0,-6.9%,11,83%,17,19,19.3,24.1,64.1
11,PHI,"Saquon Barkley",RB,9.0,0.8%,9,43%,14.9,15.2,17.1,21.2,63.5
12,LAR,"Davante Adams",WR,9.0,-3.3%,8,82%,14.3,14.8,15.5,20.9,56.1
13,BUF,"James Cook",RB,9.0,-0.3%,7,73%,13,15.1,16.4,18.9,52.3
14,MIA,"De'Von Achane",RB,8.0,6.5%,12,90%,14.9,17.2,17.9,21.7,51.7
15,BAL,"Lamar Jackson",QB,9.0,13.9%,7,45%,18.4,21.1,21.9,24.7,50.6
16,BAL,"Derrick Henry",RB,9.0,1.8%,7,37%,12.8,14,15.4,19.7,50.5
17,GB,"Josh Jacobs",RB,9.0,4.4%,5,69%,13.4,15.3,15.6,19.2,50.4
18,TB,"Bucky Irving",RB,9.0,-5.4%,9,83%,12.6,14.1,15.5,17.8,45.8
19,ATL,"Drake London",WR,9.0,-1.3%,5,76%,12.7,15.7,14.3,18.6,44.7
20,LVR,"Brock Bowers",TE,9.0,-15.4%,8,75%,13.2,14.1,15.3,18.4,44.2
21,HOU,"Nico Collins",WR,9.0,-1.8%,6,92%,11.2,14.6,15.4,17.1,43.3
22,ARI,"Trey McBride",TE,9.0,7.8%,8,53%,13,13.4,15.3,17.4,42.7
23,BUF,"Josh Allen",QB,9.0,5.2%,7,22%,18.4,21.5,21.2,23.3,42.6
24,TB,"Emeka Egbuka",WR,9.0,-3%,9,38%,12.3,13.7,14,18.5,42.3
25,LVR,"Ashton Jeanty",RB,9.0,0.3%,8,63%,12.3,14.6,14.6,17.5,41.9
26,PHI,"A.J. Brown",WR,9.0,9.7%,9,76%,12.1,13.7,13.8,18.6,41.3
27,KC,"Rashee Rice",WR,8.0,-4.3%,10,88%,13.9,16.5,15.4,20.8,40.8
28,PHI,"Jalen Hurts",QB,9.0,5.8%,9,43%,17.8,20.2,21.2,22.9,40
29,CAR,"Rico Dowdle",RB,8.0,-6%,14,48%,13.9,14.4,15.8,20.2,39.8
30,NYJ,"Breece Hall",RB,9.0,-6.4%,9,85%,12.1,13.5,14.1,17.3,38.8
31,CLE,"Quinshon Judkins",RB,9.0,8.2%,9,45%,11.8,11.4,14.2,16,36.1
32,LAR,"Kyren Williams",RB,9.0,-4.5%,8,85%,11.8,13.7,14.1,16.2,36
33,PHI,"DeVonta Smith",WR,9.0,9.7%,9,94%,11.6,13.3,13.2,17,35.1
34,NYJ,"Garrett Wilson",WR,9.0,0.8%,9,36%,10.4,13.8,13.7,16.4,33.8
35,IND,"Tyler Warren",TE,8.0,2.9%,11,60%,12.6,11.2,14.8,18.8,33
36,CIN,"Chase Brown",RB,8.0,4.5%,10,81%,13,12.4,14.9,17.9,31.9
37,DAL,"Javonte Williams",RB,8.0,-5.7%,10,73%,13,16.1,14.8,18.2,31.1
38,BAL,"Zay Flowers",WR,9.0,6.8%,7,85%,11,13.7,12.9,16.1,30.7
39,MIA,"Jaylen Waddle",WR,8.0,7.5%,12,93%,12.4,14.2,14.3,17.7,29.9
40,CIN,"Tee Higgins",WR,8.0,9.3%,10,88%,11.1,12.5,14.2,19.2,29.4
41,PIT,"D.K. Metcalf",WR,9.0,1.5%,5,69%,10.6,11.7,13.2,15.3,29.1
42,LAC,"Ladd McConkey",WR,8.0,3.4%,12,86%,12.1,13,13.9,18.2,29
43,DAL,"George Pickens",WR,8.0,-4.7%,10,47%,11.5,14.7,13.7,18.1,27
44,CHI,"Rome Odunze",WR,9.0,4.2%,5,79%,10.3,11.3,12.1,15.7,25.7
45,NO,"Chris Olave",WR,8.0,-9.9%,11,76%,10.8,13.4,13.9,17.4,25
46,IND,"Michael Pittman Jr.",WR,8.0,-11%,11,94%,11.7,13.1,13.2,18.3,25
47,SF,"George Kittle",TE,8.0,8.3%,14,53%,11,11.9,12.9,16.5,24.1
48,JAC,"Travis Etienne",RB,9.0,-1.5%,8,69%,9,11.3,12.5,15.3,24.1
49,KC,"Patrick Mahomes",QB,8.0,-8.2%,10,23%,18.7,21.3,21,26.3,24
50,CAR,"Tetairoa McMillan",WR,8.0,-1.8%,14,45%,11.6,12.2,13.5,16.9,23.8
51,DET,"Sam LaPorta",TE,9.0,2.4%,8,84%,9.5,11.1,11.5,14.7,23.7
52,CHI,"D'Andre Swift",RB,9.0,-5.6%,5,73%,10.1,11.7,11.8,14.8,23.2
53,MIN,"Jordan Addison",WR,9.0,11.7%,6,77%,9.9,11.2,11.7,15.7,23.2
54,ARI,"Marvin Harrison Jr.",WR,9.0,-4.3%,8,90%,9.4,12.7,12.5,14,22.9
55,PIT,"Jaylen Warren",RB,9.0,4.1%,5,91%,9.2,13.4,11.7,15.2,22.9
56,DET,"David Montgomery",RB,9.0,-0.3%,8,94%,9.6,9.8,11.9,14,22.1
57,DEN,"Courtland Sutton",WR,8.0,-2%,12,80%,11.4,12.4,12.7,17.1,21.6
58,SEA,"Kenneth Walker III",RB,9.0,-9.2%,8,43%,8.3,9.8,12.1,13.7,21.5
59,WAS,"Deebo Samuel",WR,8.0,-1.1%,12,95%,11.4,10.8,13.2,16.5,21.3
60,DAL,"Jake Ferguson",TE,8.0,-11.6%,10,83%,11.1,11.3,11.9,17.5,21.3
61,SEA,"Zach Charbonnet",RB,9.0,-9.2%,8,62%,9.9,8.6,11.4,13.5,21.1
62,ARI,"Trey Benson",RB,8.0,-1.2%,8,45%,9,10,11.4,13.7,20.7
63,DEN,"J.K. Dobbins",RB,8.0,-6%,12,47%,9.5,10.2,12.4,16.6,20.5
64,LAC,"Keenan Allen",WR,8.0,3.4%,12,94%,10.8,11.7,12.8,16.6,20.4
65,KC,"Xavier Worthy",WR,8.0,-4.3%,10,75%,10.4,9.9,13.2,16.5,20.2
66,LAC,"Quentin Johnston",WR,8.0,3.4%,12,86%,11,10.8,12.5,17,19.8
67,BUF,"Dalton Kincaid",TE,9.0,9.4%,7,77%,8.5,9.5,11.2,14.3,19.8
68,CHI,"D.J. Moore",WR,9.0,4.2%,5,71%,9.4,9.7,11.7,14.3,19.7
69,GB,"Romeo Doubs",WR,9.0,1.6%,5,90%,9.7,10.6,11.6,14.3,19.7
70,MIN,"Aaron Jones",RB,9.0,5.7%,6,65%,8.9,9.8,10.8,13.8,19.5
71,BUF,"Khalil Shakir",WR,9.0,1.4%,7,88%,9.8,11.1,11.5,14.1,19
72,WAS,"Jacory Croskey-Merritt",RB,8.0,5.9%,12,44%,9.6,9.3,10.9,16.9,18.4
73,NE,"Drake Maye",QB,8.0,7.1%,14,65%,17.4,19.2,19.5,25.7,18.2
74,NE,"Stefon Diggs",WR,8.0,0.7%,14,47%,10.8,12.8,12.5,16.3,18.2
75,MIN,"Jordan Mason",RB,9.0,5.7%,6,88%,8,7.7,10.4,13.9,18.2
76,HOU,"Woody Marks",RB,9.0,1.1%,6,0%,7.9,9.5,9.9,14.7,18.1
77,NO,"Alvin Kamara",RB,8.0,2.8%,11,93%,9.8,10,11.1,15.5,17.9
78,DET,"Jameson Williams",WR,9.0,10.7%,8,68%,7.7,10,11.5,14.5,17.8
79,JAC,"Brian Thomas Jr.",WR,9.0,-5.8%,8,46%,8.3,11.3,11.5,13.9,17.4
80,CHI,"Kyle Monangai",RB,9.0,-5.6%,5,0%,8.5,6.8,9.2,14.5,17.2
81,TB,"Baker Mayfield",QB,9.0,-3.9%,9,26%,15.1,18.8,18,20.9,16.9
82,NE,"Rhamondre Stevenson",RB,7.0,17.4%,14,93%,9,9.3,10.3,13.7,16.9
83,LAR,"Matthew Stafford",QB,9.0,-1.3%,8,37%,14.6,16.3,18.2,20.7,16.8
84,ATL,"Kyle Pitts",TE,9.0,13.5%,5,85%,8.8,9.5,10.5,14.5,16.8
85,LAC,"Justin Herbert",QB,8.0,4.4%,12,36%,17.6,18.8,19.5,24.4,16.5
86,LAC,"Omarion Hampton",RB,6.0,1.3%,12,94%,8.3,11,9.6,12.2,16.3
87,LAC,"Oronde Gadsden II",TE,8.0,-2.3%,12,0%,10.6,11.3,11.2,16.8,16.2
88,PHI,"Dallas Goedert",TE,9.0,-7.1%,9,70%,8.8,10.1,10.6,13.5,16
89,BAL,"Dre'mont Jones",DL,9.0,32%,7,0%,4.7,3.1,5.9,13.6,15.9
90,NE,"TreVeyon Henderson",RB,8.0,17.4%,14,37%,8.8,7,10.2,14.8,15.5
91,NYG,"Tyrone Tracy Jr.",RB,8.0,-8%,14,69%,8.8,8.3,11,13.2,15.3
92,JAC,"Bhayshul Tuten",RB,9.0,-1.5%,8,16%,7.1,5.6,9.6,12.7,15.3
93,SF,"Ricky Pearsall",WR,7.0,3.6%,14,46%,9.3,10.4,11.4,14.4,15.1
94,DAL,"Dak Prescott",QB,8.0,-4.5%,10,27%,16.8,18.7,18.9,24.9,14.9
95,HOU,"Nick Chubb",RB,9.0,1.1%,6,61%,7.9,7.6,9.5,11.4,14.4
96,WAS,"Terry McLaurin",WR,7.0,-1.1%,12,93%,9.7,9.8,11.2,14,13.9
97,KC,"Isiah Pacheco",RB,8.0,1%,10,75%,7.6,6.6,9.5,15.2,13.9
98,NYG,"Devin Singletary",RB,8.0,-8%,14,34%,7.9,6.2,9.3,15.2,13.6
99,NYG,"Wan'Dale Robinson",WR,8.0,8.3%,14,45%,9.9,11.7,12.1,14.8,13.4
100,CHI,"Caleb Williams",QB,9.0,1.4%,5,24%,14.9,16.7,16.5,21.5,13.3
101,SF,"Jauan Jennings",WR,8.0,3.6%,14,85%,9.9,9,11.5,16,13.3
102,TEN,"Tyjae Spears",RB,8.0,-10.4%,10,44%,8.2,9.2,9.3,14,13.2
103,DEN,"Troy Franklin",WR,8.0,-2%,12,56%,10.5,9.3,11,16.5,13.1
104,TEN,"Tony Pollard",RB,8.0,-10.4%,10,51%,7.9,7.8,10.3,11.8,12.9
105,DEN,"RJ Harvey",RB,8.0,-6%,12,41%,7.7,8.2,9.4,13.6,12.5
106,LAC,"Kimani Vidal",RB,8.0,1.3%,12,0%,8.2,5.4,9.2,13.4,12.5
107,LAR,"Blake Corum",RB,9.0,-4.5%,8,32%,6.3,4.3,7.2,14.4,12.4
108,CAR,"Chuba Hubbard",RB,8.0,-6%,14,82%,7.6,4.9,9.9,11.9,12.3
109,NYG,"Jaxson Dart",QB,8.0,8.6%,14,33%,16.6,18.7,18,24.7,12.1
110,GB,"Christian Watson",WR,9.0,1.6%,5,52%,8.8,8,10.4,13.4,12
111,KC,"Kareem Hunt",RB,8.0,1%,10,42%,8,6.4,8.4,14.7,11.9
112,JAC,"Parker Washington",WR,9.0,-5.8%,8,0%,8.7,9.1,10.2,13.5,11.7
113,SEA,"Rashid Shaheed",WR,8.0,-1.2%,8,82%,9.1,8.7,10.2,13.1,11.5
114,JAC,"Jakobi Meyers",WR,9.0,-5.8%,8,77%,8.1,8.6,10.9,12.3,11.2
115,IND,"Josh Downs",WR,8.0,-11%,11,91%,9.9,8.6,11.4,14.8,10.8
116,NYJ,"Isaiah Davis",RB,9.0,-6.4%,9,0%,6.7,3.4,7.7,11.6,10.7
117,SEA,"Sam Darnold",QB,9.0,-6.6%,8,25%,14.4,16.2,16.4,20,10.4
118,TB,"Chris Godwin",WR,8.0,-3%,9,94%,6.9,8.9,11,12.4,10.4
119,TB,"Rachaad White",RB,9.0,-5.4%,9,86%,6.4,7.2,7.4,12.1,10.4
120,GB,"Jordan Love",QB,9.0,4.6%,5,42%,13,17,16.9,19.9,10
121,DET,"Jared Goff",QB,9.0,8.3%,8,30%,13.8,17.2,16.8,19.3,9.5
122,ATL,"Darnell Mooney",WR,9.0,-1.3%,5,94%,7.4,7.1,10.4,12.7,9.5
123,DET,"Brian Branch",DB,9.0,-11.7%,8,0%,6,6.1,8,10,9.1
124,LVR,"Tre Tucker",WR,9.0,-7.1%,8,0%,7.4,9.6,10.3,13,8.8
125,IND,"Alec Pierce",WR,8.0,-11%,11,94%,10.3,8.6,10.8,14.6,8.5
126,PIT,"Kenneth Gainwell",RB,9.0,4.1%,5,52%,5.6,7.6,7.1,10.5,8.3
127,KC,"Travis Kelce",TE,8.0,-6%,10,65%,8.9,11.1,10.8,14.5,7.9
128,BAL,"Roquan Smith",LB,9.0,32%,7,9%,7.2,6.8,8.6,10.3,7.7
129,SEA,"Tory Horton",WR,9.0,-1.2%,8,84%,8.1,6.7,9.9,12.4,7.5
130,DET,"Aidan Hutchinson",DL,9.0,-11.7%,8,35%,4.9,4,5.8,7.3,7.3
131,TB,"Antoine Winfield Jr.",DB,9.0,17.8%,9,0%,5.6,5,7.5,10.1,7.2
132,HOU,"Houston Texans",DEF,9.0,-1.9%,6,0%,6.5,4.3,7.2,8.5,7.2
133,PHI,"Tank Bigsby",RB,9.0,0.8%,9,17%,4.9,0.9,6.9,10.2,7.2
134,IND,"Daniel Jones",QB,8.0,-1.1%,11,36%,16.4,17.3,17.4,22.3,7
135,BUF,"Keon Coleman",WR,9.0,1.4%,7,85%,6.5,7.8,10.3,12.2,6.8
136,DEN,"Bo Nix",QB,8.0,-1.2%,12,21%,16.4,17.3,17.4,21.6,6.7
137,PHI,"Zack Baun",LB,9.0,-19.2%,9,0%,6.6,6.9,8.3,10.6,6.7
138,GB,"Micah Parsons",DL,9.0,-11.6%,5,35%,4.8,5.4,5.6,7,6.7
139,HOU,"Will Anderson Jr.",DL,9.0,-1.9%,6,28%,4.6,3.9,5.7,7.2,6.6
140,CIN,"Joe Flacco",QB,8.0,9.4%,10,17%,13.8,8.5,18.4,21.2,6.5
141,PIT,"Aaron Rodgers",QB,9.0,4.9%,5,39%,14,15.6,16.3,17.9,6.5
142,ATL,"Tyler Allgeier",RB,9.0,-6.4%,5,37%,5.1,5.9,5.7,11.3,6.5
143,ARI,"Budda Baker",DB,9.0,-15.1%,8,30%,5.6,5.8,7.4,9.3,6.4
144,LAR,"Byron Young",DL,9.0,-8.3%,8,0%,4.4,4.6,5.4,7.3,6.2
145,CHI,"Colston Loveland",TE,9.0,-0.9%,5,33%,7.6,7.7,9.2,12.6,5.8
146,CLE,"Myles Garrett",DL,9.0,3.6%,9,20%,4.4,4.4,5.4,7,5.8
147,JAC,"Foyesade Oluokun",LB,9.0,1.7%,8,0%,6.7,6,7.9,10.3,5.7
148,GB,"Luke Musgrave",TE,9.0,-1.4%,5,12%,6.9,6.1,9.5,12.3,5.6
149,PIT,"T.J. Watt",DL,9.0,2.2%,5,14%,4.2,5.4,5.5,6.8,5.6
150,CLE,"Harold Fannin Jr.",TE,9.0,-3.6%,9,68%,8,9.1,9.4,11.8,5.5
151,SEA,"Seattle Seahawks",DEF,9.0,14.8%,8,0%,5.9,4.3,6.7,8.2,5.5
152,JAC,"Trevor Lawrence",QB,9.0,-6.2%,8,35%,13.5,15.8,16.1,18,5.4
153,DAL,"Brandon Aubrey",K,8.0,2.7%,10,6%,9.2,5.8,10,11.5,5.3
154,NYJ,"Mason Taylor",TE,9.0,4.4%,9,72%,7.2,7.8,9.5,11.9,5.2
155,MIN,"Jonathan Greenard",DL,9.0,-28.8%,6,0%,4,4.7,5.5,6.6,5.1
156,BAL,"Mark Andrews",TE,9.0,23.8%,7,49%,7,7.9,9.4,12.2,5
157,MIA,"Ollie Gordon II",RB,8.0,6.5%,12,0%,5.5,3.7,5.8,12.8,5
158,PHI,"Jake Elliott",K,9.0,2.7%,9,0%,7.7,5.1,9,9.9,4.9
159,BAL,"Kyle Hamilton",DB,9.0,32%,7,25%,5.6,5.9,7,9.1,4.9
160,CLE,"Cleveland Browns",DEF,9.0,3.6%,9,0%,5.8,4.8,6.6,8.3,4.8
161,BAL,"Baltimore Ravens",DEF,9.0,32%,7,0%,5.9,4.2,6.4,8.3,4.8
162,CLE,"Dylan Sampson",RB,9.0,8.2%,9,35%,4.8,3.3,5.3,10.6,4.8
163,LVR,"Maxx Crosby",DL,9.0,-5.5%,8,0%,4.1,4.9,5.3,7.2,4.8
164,KC,"Brashard Smith",RB,8.0,1%,10,23%,5.2,4.2,5.9,11.8,4.7
165,TB,"Chase McLaughlin",K,9.0,2.7%,9,0%,8.2,5.8,8.6,10.2,4.6
166,NYG,"Theo Johnson",TE,8.0,4.6%,14,42%,8.1,8.4,9.8,14.7,4.5
167,HOU,"Ka'imi Fairbairn",K,9.0,-7.4%,6,0%,7.7,5.4,8.9,9.7,4.5
168,DET,"Jack Campbell",LB,9.0,-11.7%,8,0%,6.2,6,7.2,10.8,4.4
169,MIN,"J.J. McCarthy",QB,9.0,13.3%,6,41%,12.2,15.5,16.1,18,4.1
170,CLE,"David Njoku",TE,9.0,-3.6%,9,86%,7.7,8.1,9,12.2,4.1
171,SEA,"Jason Myers",K,9.0,-2.4%,8,0%,7.9,5.1,8.5,10,4
172,CLE,"Carson Schwesinger",LB,9.0,3.6%,9,47%,6.2,6.5,7.5,9.8,4
173,DEN,"Denver Broncos",DEF,8.0,-4.6%,12,0%,6.7,5,7.1,8.8,4
174,SF,"Brock Purdy",QB,8.0,-1.1%,14,24%,15.5,16.4,17.2,20.6,3.9
175,TB,"Tampa Bay Buccaneers",DEF,9.0,17.8%,9,0%,5.8,4.4,6.4,7.9,3.8
176,LAR,"Jared Verse",DL,9.0,-8.3%,8,0%,4.4,4.3,5.1,6.6,3.8
177,MIN,"T.J. Hockenson",TE,9.0,7%,6,57%,7.7,8.4,9.1,11.8,3.7
178,GB,"Matthew Golden",WR,8.0,1.6%,5,91%,6.9,6.2,9.1,12.7,3.7
179,HOU,"Dalton Schultz",TE,9.0,-2.7%,6,82%,7.7,8.4,8.8,12.6,3.7
180,CIN,"Barrett Carter",LB,8.0,-3.8%,10,0%,0,5.3,6.7,13.4,3.7
181,PHI,"Cooper DeJean",DB,9.0,-19.2%,9,0%,5.2,4.4,6.2,9.9,3.7
182,PIT,"Chris Boswell",K,9.0,3.4%,5,0%,7.9,5.6,8.4,9.4,3.6
183,BAL,"Tyler Loop",K,9.0,6.9%,7,0%,7.7,5.6,8.5,9.2,3.5
184,NYJ,"Justin Fields",QB,9.0,5.4%,9,40%,11.6,13.7,15.9,18.3,3.2
185,ARI,"Chad Ryland",K,9.0,-18.5%,8,0%,7.6,5.1,8.2,9.7,3.2
186,CIN,"Samaje Perine",RB,8.0,4.5%,10,14%,4,5,6.1,10.6,3.2
187,WAS,"Zach Ertz",TE,8.0,-3.7%,12,88%,8.4,8.9,10.1,13.4,3.1
188,DET,"Jake Bates",K,9.0,14.3%,8,6%,7.5,5.7,8.3,9.4,3.1
189,CHI,"Jaquan Brisker",DB,9.0,1.1%,5,0%,4.6,4.8,6.6,8.9,3.1
190,BAL,"Justice Hill",RB,9.0,1.8%,7,36%,4.6,4.8,6,7.6,3.1
191,CHI,"T.J. Edwards",LB,9.0,1.1%,5,0%,5.9,6.8,7.4,9.3,2.9
192,BUF,"Terrel Bernard",LB,9.0,10.6%,7,0%,6,4.6,7.1,9.9,2.9
193,LAC,"Cameron Dicker",K,8.0,-5.9%,12,6%,8.2,5.6,9.5,10.2,2.8
194,GB,"Edgerrin Cooper",LB,9.0,-11.6%,5,0%,5.8,6.6,7.3,9.5,2.8
195,BUF,"Buffalo Bills",DEF,9.0,10.6%,7,0%,4.8,5,6.6,7.3,2.8
196,HOU,"C.J. Stroud",QB,8.0,-4%,6,30%,13.6,15,14.8,18.6,2.4
197,LAR,"Los Angeles Rams",DEF,9.0,-8.3%,8,0%,5.5,4.8,6,7.6,2.4
198,LVR,"Geno Smith",QB,9.0,-11%,8,64%,12.8,12.4,15.4,18.2,2.3
199,NE,"Kayshon Boutte",WR,7.0,0.7%,14,0%,7.9,7.7,9.2,12.4,2.3
200,NE,"New England Patriots",DEF,8.0,9.6%,14,0%,6.3,4.3,6.6,8.6,2.3
201,WAS,"Marcus Mariota",QB,8.0,4.1%,12,53%,14.8,14,16.8,21,2.2
202,MIN,"Will Reichard",K,9.0,2.3%,6,0%,7.4,5.2,7.8,9.8,2.2
203,DET,"Detroit Lions",DEF,9.0,-11.7%,8,0%,4.9,4.6,6.3,7.2,2.2
204,SEA,"Leonard Williams",DL,9.0,14.8%,8,37%,4.1,3.7,5.1,6.1,2.1
205,TB,"Cade Otton",TE,9.0,-5.7%,9,69%,6.7,7.6,9.5,11.1,1.9
206,ARI,"Kyler Murray",QB,8.0,0.5%,8,23%,8.5,14.5,9.1,12.3,1.9
207,TEN,"Chimere Dike",WR,8.0,-8.3%,10,0%,9,7,10,13,1.8
208,NO,"Devin Neal",RB,8.0,2.8%,11,0%,4.2,4.9,5.4,10.2,1.7
209,NO,"Juwan Johnson",TE,8.0,-3.4%,11,79%,8.6,8.2,9.3,14,1.6
210,CLE,"Jerry Jeudy",WR,9.0,8.9%,9,55%,7.9,7.9,9.1,11.4,1.5
211,HOU,"Joe Mixon",RB,6.0,1.1%,6,67%,0,4.5,4.3,4.6,1.5
212,KC,"Harrison Butker",K,8.0,-4.4%,10,0%,8.4,5.8,8.9,10.3,1.4
213,NYJ,"Jamien Sherwood",LB,9.0,27.4%,9,0%,5.9,6.7,7,9.5,1.2
214,KC,"Kansas City Chiefs",DEF,8.0,-15.7%,10,0%,6,4.4,6.6,8.3,1.2
215,LAR,"Quentin Lake",DB,9.0,-8.3%,8,0%,4.9,5.2,6.5,8.1,1.2
216,CLE,"Grant Delpit",DB,9.0,3.6%,9,21%,4.9,5.3,6.5,8.1,1.2
217,LVR,"Jeremy Chinn",DB,9.0,-5.5%,8,23%,4.9,5.6,6.5,8.1,1.2
218,JAC,"Jacksonville Jaguars",DEF,9.0,1.7%,8,0%,4.7,4,6.2,7.1,1.2
219,TB,"Sean Tucker",RB,9.0,-5.4%,9,18%,4,2,4.4,8.8,1.2
220,LAC,"Daiyan Henley",LB,8.0,-24.2%,12,0%,6.6,6.5,8.2,10.3,1.1
221,CHI,"Kevin Byard",DB,9.0,1.1%,5,0%,4.8,5.9,6.6,7.9,1.1
222,HOU,"Danielle Hunter",DL,9.0,-1.9%,6,8%,4.1,4.3,4.7,6.1,0.8
223,ATL,"Michael Penix Jr.",QB,9.0,-1.3%,5,20%,13.3,14.1,14.8,17.8,0.7
224,ARI,"Zonovan Knight",RB,9.0,-1.2%,8,0%,3.1,4.3,5.2,7.3,0.7
225,PHI,"Reed Blankenship",DB,9.0,-19.2%,9,0%,4.6,4.4,5.7,10,0.5
226,ATL,"Kaden Elliss",LB,9.0,5.6%,5,0%,5.9,5.9,7.1,8.8,0.4
227,ATL,"Jessie Bates",DB,9.0,5.6%,5,0%,4.8,6.4,6,9,0.3
228,CLE,"Jerome Ford",RB,9.0,8.2%,9,46%,3.6,3.4,5.2,6.4,0.2
229,NE,"Hunter Henry",TE,8.0,5.9%,14,64%,8.4,8.6,9.7,12.5,0
230,DEN,"Wil Lutz",K,8.0,-8.2%,12,0%,8.1,5,8.6,10.1,0
231,PIT,"Patrick Queen",LB,9.0,2.2%,5,0%,6,5.8,7.1,8.6,0
232,SF,"San Francisco 49ers",DEF,8.0,16.1%,14,0%,6,3.5,6.3,8.5,0
233,MIN,"Josh Metellus",DB,9.0,-28.8%,6,0%,5,5.4,6,8.7,0
234,SEA,"Byron Murphy II",DL,9.0,14.8%,8,0%,3.4,1.7,4.5,7.2,0
235,TEN,"Calvin Ridley",WR,8.0,-8.3%,10,65%,6.4,9.5,10.7,12,-0.2
236,TEN,"Elic Ayomanor",WR,8.0,-8.3%,10,56%,7.4,7.9,9.3,14,-0.2
237,ARI,"Emari Demercado",RB,9.0,-1.2%,8,17%,3.2,3.2,4.2,8.2,-0.2
238,BAL,"Isaiah Likely",TE,9.0,23.8%,7,16%,7,5.9,8.2,12.2,-0.4
239,GB,"Quay Walker",LB,9.0,-11.6%,5,0%,5.6,6.1,7,8.9,-0.4
240,CHI,"Tremaine Edmunds",LB,9.0,1.1%,5,25%,5.9,4.7,6.9,9,-0.4
241,LAC,"Derwin James",DB,8.0,-24.2%,12,39%,5.2,5.2,6.8,9.5,-0.4
242,GB,"Devonte Wyatt",DL,9.0,-11.6%,5,0%,3.1,2.2,4.4,7,-0.4
243,NYJ,"Nick Folk",K,9.0,-0.5%,9,0%,6.4,4.7,7.5,9.5,-0.5
244,GB,"Green Bay Packers",DEF,9.0,-11.6%,5,0%,5,4.6,5.6,7.2,-0.5
245,BUF,"Gregory Rousseau",DL,9.0,10.6%,7,0%,3.7,3.3,4.8,6,-0.6
246,PIT,"Calvin Austin III",WR,9.0,1.5%,5,76%,6.3,7.7,9,11.2,-0.7
247,DEN,"Talanoa Hufanga",DB,8.0,-4.6%,12,39%,5.3,5.9,6.6,9.9,-0.7
248,JAC,"Josh Hines-Allen",DL,9.0,1.7%,8,24%,3.8,3.9,4.7,6.2,-0.7
249,BAL,"Keaton Mitchell",RB,9.0,1.8%,7,15%,3.3,2.5,4.3,7.8,-0.7
250,TB,"Tez Johnson",WR,9.0,-3%,9,0%,5.5,7.5,8.4,12.7,-0.8
251,NYG,"Paulson Adebo",DB,8.0,11.5%,14,0%,5,6.5,6.7,9.7,-0.8
252,MIA,"Tua Tagovailoa",QB,8.0,11%,12,28%,14.1,13.5,16,20.5,-1
253,NYG,"Darius Slayton",WR,8.0,8.3%,14,77%,7.3,9.3,9.7,13.4,-1
254,IND,"Nick Cross",DB,8.0,-20.9%,11,0%,5.8,6.7,6.9,9,-1.1
255,BAL,"Rashod Bateman",WR,9.0,6.8%,7,43%,7,6.4,8.6,11.4,-1.2
256,LVR,"Devin White",LB,9.0,-5.5%,8,0%,3.5,5.1,7,9.8,-1.4
257,ATL,"Atlanta Falcons",DEF,9.0,5.6%,5,0%,4.9,4.3,5.7,7,-1.4
258,NYJ,"New York Jets",DEF,9.0,27.4%,9,0%,5.1,3.8,5.7,6.8,-1.4
259,HOU,"Christian Kirk",WR,9.0,-1.8%,6,94%,7.2,7.4,8.6,10.7,-1.5
260,IND,"Indianapolis Colts",DEF,8.0,-20.9%,11,0%,5.7,3.4,6.3,7.9,-1.5
261,PHI,"Philadelphia Eagles",DEF,9.0,-19.2%,9,0%,5.1,4.1,5.9,6.4,-1.5
262,CIN,"Trey Hendrickson",DL,8.0,-3.8%,10,18%,4.1,4.6,5.4,6.2,-1.8
263,NE,"Robert Spillane",LB,8.0,9.6%,14,0%,5.9,7.2,7.9,9.5,-1.9
264,NYG,"Brian Burns",DL,8.0,11.5%,14,0%,4.2,4.1,5.3,6.4,-1.9
265,CLE,"Cedric Tillman",WR,9.0,8.9%,9,79%,6.4,6.8,8.2,12,-2
266,TB,"Mike Evans",WR,4.0,-3%,9,93%,5,3.7,5.6,7.1,-2
267,BUF,"Ty Johnson",RB,9.0,-0.3%,7,25%,3.5,3.9,4.3,6.1,-2
268,SF,"Brian Robinson Jr.",RB,8.0,-7.3%,14,37%,3.9,3,4.3,8,-2
269,TEN,"Jeffery Simmons",DL,8.0,0.8%,10,23%,4.1,2.8,5.3,6.4,-2.1
270,NYJ,"Braelon Allen",RB,8.0,-6.4%,9,53%,2.3,1.3,4.1,7.4,-2.1
271,CAR,"Jalen Coker",WR,8.0,-1.8%,14,6%,7.8,6.6,9.2,12.9,-2.2
272,LAC,"Los Angeles Chargers",DEF,8.0,-24.2%,12,0%,5.7,3.4,6.2,7.9,-2.2
273,PIT,"Pittsburgh Steelers",DEF,9.0,2.2%,5,0%,4.9,4.4,5.5,7.1,-2.3
274,WAS,"Jeremy McNichols",RB,8.0,5.9%,12,0%,2.8,4.8,4.7,7,-2.3
275,SEA,"Cooper Kupp",WR,8.0,-1.2%,8,94%,7.1,6.5,8,11.8,-2.4
276,LVR,"Daniel Carlson",K,9.0,8%,8,0%,7,4.6,7.5,8.6,-2.4
277,BUF,"Ray Davis",RB,9.0,-0.3%,7,15%,3,1.7,3.5,7.1,-2.4
278,NYG,"New York Giants",DEF,8.0,11.5%,14,0%,5.6,3.8,6.1,7.6,-2.5
279,IND,"DeForest Buckner",DL,8.0,-20.9%,11,10%,3.8,4.2,5.3,6.3,-2.7
280,ARI,"Jalen Thompson",DB,9.0,-15.1%,8,0%,4.5,4.7,5.6,8.4,-2.8
281,CHI,"Montez Sweat",DL,9.0,1.1%,5,24%,3.7,2.8,4.6,5.5,-2.9
282,LAR,"Kamren Curl",DB,9.0,-8.3%,8,0%,4.5,4.4,6,7.8,-3
283,TB,"Tykee Smith",DB,9.0,17.8%,9,0%,3.6,6.5,6,8.4,-3
284,NE,"Terrell Jennings",RB,8.0,17.4%,14,0%,2.8,,4.3,6.9,-3
285,PHI,"Nolan Smith",DL,9.0,-19.2%,9,20%,3.6,2.8,4.2,6.1,-3
286,JAC,"Cam Little",K,9.0,-4.6%,8,0%,6.7,5.1,7.6,8.1,-3.1
287,TB,"Lavonte David",LB,9.0,17.8%,9,40%,5.5,5.6,6.7,8.4,-3.2
288,MIA,"Tyrel Dodson",LB,8.0,9%,12,0%,7.7,6.2,7.7,7.7,-3.3
289,MIN,"Minnesota Vikings",DEF,9.0,-28.8%,6,0%,4.8,4.3,5.5,6.3,-3.3
290,CHI,"Chicago Bears",DEF,9.0,1.1%,5,0%,4.6,4.3,5.4,6.6,-3.3
291,MIA,"Jordyn Brooks",LB,8.0,9%,12,21%,6.5,7.4,7.6,8.7,-3.4
292,TB,"Sterling Shepard",WR,9.0,-3%,9,82%,6.6,4.7,8.3,10.8,-3.5
293,HOU,"Azeez Al-Shaair",LB,9.0,-1.9%,6,0%,5.6,5.1,6.7,8,-3.7
294,SEA,"Ernest Jones",LB,8.0,14.8%,8,0%,5.2,6.2,6.3,8.8,-3.8
295,GB,"Jayden Reed",WR,5.0,1.6%,5,12%,4,8.2,5.7,8.9,-3.8
296,NYJ,"Jermaine Johnson",DL,9.0,27.4%,9,0%,1.8,2.8,3.5,8.8,-3.8
297,DEN,"Nik Bonitto",DL,8.0,-4.6%,12,0%,4,6.3,5,6,-3.9
298,LAR,"Kobie Turner",DL,9.0,-8.3%,8,0%,3.4,4.2,4.3,5.6,-3.9
299,CAR,"Bryce Young",QB,8.0,-3.8%,14,20%,13.4,13.7,15.8,18.8,-4
300,SEA,"Nick Emmanwori",DB,9.0,14.8%,8,0%,3.8,3,5.7,8.6,-4
301,SEA,"Uchenna Nwosu",DL,9.0,14.8%,8,11%,3.4,1.8,4.3,5.6,-4
302,NYG,"Bobby Okereke",LB,8.0,11.5%,14,0%,5.8,7.9,6.8,10.2,-4.1
303,CAR,"Trevon Moehrig",DB,8.0,-1.2%,14,0%,5.3,5.5,6.6,8.3,-4.1
304,JAC,"Devin Lloyd",LB,9.0,1.7%,8,0%,5.1,5.2,6.5,8.7,-4.1
305,PIT,"Kaleb Johnson",RB,9.0,4.1%,5,9%,2.9,0.9,3.2,5.8,-4.3
306,PIT,"Alex Highsmith",DL,9.0,2.2%,5,0%,3.3,4.2,4.5,5.4,-4.4
307,DEN,"Brandon Jones",DB,8.0,-4.6%,12,25%,4.9,5.6,6.4,9,-4.5
308,SEA,"Devon Witherspoon",DB,9.0,14.8%,8,17%,4.6,5,5.8,7.5,-4.5
309,NYG,"Tyler Nubin",DB,8.0,11.5%,14,0%,5,5.4,6.6,8.3,-4.6
310,HOU,"Jayden Higgins",WR,9.0,-1.8%,6,16%,6.2,4.5,8.2,10.7,-4.7
311,WAS,"Chris Rodriguez",RB,8.0,5.9%,12,17%,3.5,3.1,3.8,5.7,-4.7
312,WAS,"Bobby Wagner",LB,8.0,-4.2%,12,12%,6.1,5.8,7.2,8.9,-4.8
313,JAC,"Travis Hunter",WR,8.0,-5.8%,8,44%,6.6,2.7,8,10.8,-4.9
314,ARI,"Arizona Cardinals",DEF,9.0,-15.1%,8,0%,4.5,3,5.4,6.3,-5.1
315,TB,"Yaya Diaby",DL,9.0,17.8%,9,0%,3.4,4.2,4.2,5.4,-5.1
316,HOU,"Jaylin Noel",WR,9.0,-1.8%,6,11%,5.7,3.4,7.6,12.2,-5.2
317,SF,"Brandon Aiyuk",WR,6.0,3.6%,14,44%,4.6,8,7.4,10.9,-5.2
318,DET,"Derrick Barnes",LB,9.0,-11.7%,8,0%,5,3.4,6,9,-5.2
319,CAR,"Carolina Panthers",DEF,8.0,-1.2%,14,0%,5.4,3,5.7,7.6,-5.2
320,GB,"Xavier McKinney",DB,9.0,-11.6%,5,0%,4.5,4.6,5.6,7.8,-5.2
321,GB,"Rashan Gary",DL,9.0,-11.6%,5,19%,3.4,3.5,4,5.8,-5.2
322,LAC,"Hassan Haskins",RB,6.0,1.3%,12,14%,1.5,0.2,2.7,3.2,-5.2
323,NE,"Demario Douglas",WR,8.0,0.7%,14,30%,7.7,6.4,8.7,12.2,-5.3
324,CAR,"Ryan Fitzgerald",K,8.0,-5.1%,14,0%,7.1,,7.8,9.8,-5.3
325,DEN,"Alex Singleton",LB,8.0,-4.6%,12,0%,4.2,7.1,7,10.5,-5.4
326,NYJ,"Quincy Williams",LB,9.0,27.4%,9,0%,5.4,5.2,6.1,8.4,-5.5
327,DAL,"Donovan Wilson",DB,8.0,8.8%,10,0%,4.9,3.9,6.1,8.8,-5.5
328,JAC,"LeQuint Allen",RB,9.0,-1.5%,8,17%,2.3,2.1,3,5.3,-5.5
329,WAS,"Matt Gay",K,8.0,13.1%,12,0%,7.1,5.1,8.1,8.7,-5.6
330,JAC,"Travon Walker",DL,9.0,1.7%,8,20%,3.4,4.1,4,5.6,-5.6
331,PHI,"Jordan Davis",DL,9.0,-19.2%,9,0%,2.8,3,3.1,7.8,-5.6
332,MIA,"Malik Washington",WR,8.0,7.5%,12,0%,7.3,8,8.6,12.5,-5.7
333,CAR,"Derrick Brown",DL,8.0,-1.2%,14,26%,3.6,3.3,4.8,5.6,-5.7
334,MIN,"Jonathan Allen",DL,9.0,-28.8%,6,60%,3.2,3.5,4.2,5.3,-5.7
335,JAC,"Brenton Strange",TE,8.0,5.2%,8,39%,5.3,7.3,8.5,10.2,-5.8
336,PHI,"Andrew Mukuba",DB,9.0,-19.2%,9,0%,5.9,3.3,5.9,5.9,-5.8
337,PIT,"Cameron Heyward",DL,9.0,2.2%,5,8%,3.2,3.7,4.2,5.2,-5.8
338,GB,"Keisean Nixon",DB,9.0,-11.6%,5,0%,4.3,4.2,5.7,7.4,-5.9
339,LAC,"Jaret Patterson",RB,8.0,1.3%,12,35%,2.1,0.4,3.4,5.8,-5.9
340,DAL,"Jaydon Blue",RB,8.0,-5.7%,10,29%,1.8,3.4,3.5,5.5,-6.1
341,GB,"Emanuel Wilson",RB,9.0,4.4%,5,0%,2.4,5.2,3,4.5,-6.1
342,CHI,"Tyrique Stevenson",DB,9.0,1.1%,5,0%,3.6,3.8,5.5,8.3,-6.2
343,NYG,"Dexter Lawrence",DL,8.0,11.5%,14,19%,3.5,3.6,4.7,6.1,-6.2
344,DAL,"Quinnen Williams",DL,9.0,8.8%,10,18%,3.1,4,3.9,7.8,-6.3
345,NO,"Blake Grupe",K,8.0,7%,11,0%,7.1,5,7.5,9.4,-6.6
346,HOU,"Jalen Pitre",DB,9.0,-1.9%,6,19%,4.2,3.8,5.6,6.9,-6.7
347,CHI,"Luther Burden III",WR,9.0,4.2%,5,39%,5.8,3.9,7.3,11.6,-6.8
348,NO,"New Orleans Saints",DEF,8.0,42.1%,11,0%,5.2,3.4,5.7,6.9,-6.8
349,HOU,"Dare Ogunbowale",RB,9.0,1.1%,6,0%,0.6,0.2,3.2,4.5,-6.8
350,DEN,"Tyler Badie",RB,8.0,-6%,12,0%,2,1.3,3,5.5,-6.8
351,BAL,"Mike Green",DL,9.0,32%,7,27%,2.3,1.5,3.4,6.8,-7
352,NE,"Harold Landry",DL,8.0,9.6%,14,11%,3.3,5.2,4.7,5.4,-7.1
353,DAL,"Kenneth Murray",LB,8.0,8.8%,10,12%,5.5,5,6.7,9,-7.3
354,BAL,"Marlon Humphrey",DB,9.0,32%,7,28%,3.9,3.8,5.6,7.3,-7.3
355,DEN,"Riley Moss",DB,8.0,-4.6%,12,0%,4.5,1.5,6.3,8.1,-7.4
356,BAL,"Malaki Starks",DB,9.0,32%,7,0%,3.9,5.7,5.2,7.8,-7.4
357,LVR,"Las Vegas Raiders",DEF,9.0,-5.5%,8,0%,4.5,3.2,4.9,6.1,-7.5
358,DEN,"Marvin Mims Jr.",WR,8.0,-2%,12,45%,7,6.3,8.7,11.8,-7.6
359,ATL,"Zach Harrison",DL,9.0,5.6%,5,0%,1.9,0.9,3.8,6.3,-7.6
360,KC,"Marquise Brown",WR,8.0,-4.3%,10,94%,6.2,5,7.7,13.7,-7.7
361,DET,"Alex Anzalone",LB,9.0,-11.7%,8,0%,5.1,5.3,6,7.8,-7.7
362,MIA,"Miami Dolphins",DEF,8.0,9%,12,0%,5,3.8,5.5,6.7,-7.7
363,PHI,"A.J. Dillon",RB,9.0,0.8%,9,6%,1,0.5,2.4,5,-7.8
364,DEN,"Evan Engram",TE,8.0,-2.5%,12,67%,7.5,8,8.5,11.7,-7.9
365,SF,"Eddy Pineiro",K,8.0,-3.4%,14,0%,7.8,5.1,7.8,7.8,-7.9
366,CLE,"Andre Szmyt",K,9.0,6.8%,9,0%,6.1,,6.4,8.6,-7.9
367,CIN,"Jordan Battle",DB,8.0,-3.8%,10,0%,3.7,5.3,6.1,8.5,-7.9
368,TB,"Sirvocea Dennis",LB,9.0,17.8%,9,0%,4.5,7.2,6,8.1,-7.9
369,NO,"Carl Granderson",DL,8.0,42.1%,11,0%,3.6,4,4.5,5.4,-7.9
370,MIA,"Zach Sieler",DL,8.0,9%,12,0%,3.6,3.9,4.5,5.4,-7.9
371,NO,"Tyler Shough",QB,8.0,-4.1%,11,5%,11.2,13.3,14.9,19.4,-8.1
372,KC,"Chamarri Conner",DB,8.0,-15.7%,10,0%,3.2,5.9,6.4,8.3,-8.1
373,MIA,"Jaylen Wright",RB,8.0,6.5%,12,7%,1.8,0.8,3,3.9,-8.1
374,DAL,"DaRon Bland",DB,8.0,8.8%,10,0%,3.8,4,5.9,8.9,-8.2
375,PHI,"Will Shipley",RB,9.0,0.8%,9,8%,2,1.2,2.3,3.7,-8.2
376,TEN,"Cameron Ward",QB,8.0,-4.2%,10,26%,12.6,12,14.3,19.6,-8.3
377,WAS,"Washington Commanders",DEF,8.0,-4.2%,12,0%,4.9,3.6,5.4,6.8,-8.3
378,ARI,"Akeem Davis-Gaither",LB,9.0,-15.1%,8,0%,4.6,5,6,7.8,-8.4
379,MIN,"Blake Cashman",LB,9.0,-28.8%,6,0%,6.2,5.8,6.2,6.2,-8.5
380,TEN,"Tennessee Titans",DEF,8.0,0.8%,10,0%,4.6,3.4,5.5,6.5,-8.5
381,BUF,"Cole Bishop",DB,9.0,10.6%,7,0%,2.7,3.6,5.3,8,-8.5
382,MIN,"Jalen Redmond",DL,9.0,-28.8%,6,0%,4,,4,4,-8.5
383,CHI,"Roschon Johnson",RB,8.0,-5.6%,5,6%,0.9,0.6,2.6,3.4,-8.5
384,TEN,"Cody Barton",LB,8.0,0.8%,10,0%,5.7,5.6,6.9,8.1,-8.6
385,ATL,"Xavier Watts",DB,9.0,5.6%,5,0%,5.5,4.9,5.5,5.5,-8.6
386,ARI,"Walter Nolen",DL,9.0,-15.1%,8,0%,2.6,1.8,3.5,6.1,-8.6
387,SF,"Jordan James",RB,8.0,-7.3%,14,0%,1.7,0.4,2.1,5,-8.6
388,LAR,"Jarquez Hunter",RB,9.0,-4.5%,8,0%,1.4,0.5,1.7,5.1,-8.6
389,PIT,"Derrick Harmon",DL,9.0,2.2%,5,0%,2.7,2.8,3.4,5.8,-8.7
390,BUF,"Taron Johnson",DB,9.0,10.6%,7,0%,4.2,4.8,5.2,7,-8.8
391,NYG,"Graham Gano",K,8.0,-2.8%,14,0%,6.8,4.3,7,9.3,-8.9
392,CHI,"Cairo Santos",K,9.0,9.3%,5,0%,6,5.1,6.5,7.9,-8.9
393,CIN,"Daxton Hill",DB,8.0,-3.8%,10,0%,4.5,4.7,6,7.8,-8.9
394,NYJ,"Jarvis Brownlee Jr.",DB,9.0,27.4%,9,0%,3.9,3.4,5.5,6.9,-8.9
395,DET,"Kerby Joseph",DB,9.0,-11.7%,8,0%,4.3,4.5,5.1,7.1,-8.9
396,ARI,"Michael Carter",RB,9.0,-1.2%,8,46%,2.4,0.6,2.4,2.4,-8.9
397,NE,"Kyle Williams",WR,8.0,0.7%,14,5%,6,1.2,6.7,15.1,-9
398,CIN,"Joseph Ossai",DL,8.0,-3.8%,10,14%,3.3,2,3.7,6.5,-9
399,GB,"Christopher Brooks",RB,9.0,4.4%,5,0%,1.7,1.6,2.4,3.1,-9
400,CIN,"Tahj Brooks",RB,8.0,4.5%,10,0%,1.6,1.3,2.1,4.5,-9
401,NYG,"Abdul Carter",DL,8.0,11.5%,14,25%,3.3,3.3,4.2,5.9,-9.2
402,MIN,"Dallas Turner",DL,9.0,-28.8%,6,0%,2.3,4,3.3,6.6,-9.2
403,NE,"Andres Borregales",K,8.0,17.3%,14,0%,6,4.9,7.2,9.1,-9.3
404,WAS,"Frankie Luvu",LB,8.0,-4.2%,12,25%,5.5,4.4,6.6,8.3,-9.3
405,GB,"Brandon McManus",K,9.0,9.1%,5,0%,5.6,5.2,6.7,7.5,-9.4
406,CLE,"Mason Graham",DL,9.0,3.6%,9,18%,3.3,2.2,3.7,4.8,-9.4
407,ARI,"Josh Sweat",DL,9.0,-15.1%,8,0%,2.7,4.1,3.8,4.9,-9.5
408,SF,"Malik Mustapha",DB,8.0,16.1%,14,0%,6.1,0,6.1,6.1,-9.6
409,LVR,"Raheem Mostert",RB,9.0,0.3%,8,35%,1.6,3.2,2.1,2.9,-9.6
410,IND,"DJ Giddens",RB,8.0,-6.9%,11,13%,1.7,0.6,2,4,-9.6
411,CLE,"Dillon Gabriel",QB,9.0,7.5%,9,0%,10.5,11.5,12.8,16.6,-9.7
412,DEN,"Zach Allen",DL,8.0,-4.6%,12,0%,3.5,3.9,4.1,5.8,-9.7
413,ARI,"Mack Wilson",LB,9.0,-15.1%,8,0%,3.9,5.3,5.6,8.1,-9.8
414,KC,"George Karlaftis",DL,8.0,-15.7%,10,0%,3.5,3.3,4.2,5.5,-9.8
415,DEN,"Jonathon Cooper",DL,8.0,-4.6%,12,0%,3.4,4.4,4.3,5.2,-9.9
416,TEN,"Joey Slye",K,8.0,-24%,10,0%,6.7,4.4,7,8.8,-10
417,CLE,"Isaiah Bond",WR,9.0,8.9%,9,34%,3.7,4.9,8.2,9.6,-10.1
418,CAR,"Xavier Legette",WR,8.0,-1.8%,14,82%,6.1,5.9,7.4,13.2,-10.2
419,SF,"Tatum Bethune",LB,8.0,16.1%,14,0%,6.7,5.4,6.7,6.7,-10.2
420,LAR,"Joshua Karty",K,9.0,-13.1%,8,0%,5.4,4.7,6.6,7.4,-10.3
421,SF,"Kendrick Bourne",WR,8.0,3.6%,14,43%,6.1,6.8,7.9,12.2,-10.4
422,IND,"Zaire Franklin",LB,8.0,-20.9%,11,0%,5.1,3.5,6.6,7.9,-10.4
423,LAC,"Tre Harris",WR,8.0,3.4%,12,49%,6.4,3.8,7.9,11.9,-10.5
424,NO,"Demario Davis",LB,8.0,42.1%,11,11%,5,5.3,6.3,8.8,-10.5
425,NO,"Alontae Taylor",DB,8.0,42.1%,11,0%,4.1,4.3,5.5,8.3,-10.5
426,CAR,"Tershawn Wharton",DL,8.0,-1.2%,14,0%,4.2,,4.2,4.2,-10.5
427,TB,"Zyon McCollum",DB,9.0,17.8%,9,0%,4,4.1,4.9,7.1,-10.6
428,LAR,"Braden Fiske",DL,9.0,-8.3%,8,0%,3.2,2.7,3.6,4.7,-10.6
429,PHI,"Jalyx Hunt",DL,9.0,-19.2%,9,0%,2.3,2,3,6.3,-10.6
430,GB,"MarShawn Lloyd",RB,8.0,4.4%,5,88%,0.9,0.6,1.9,2.7,-10.6
431,CIN,"Evan McPherson",K,8.0,9.9%,10,0%,6.7,5.1,7,8.4,-10.7
432,SEA,"DeMarcus Lawrence",DL,9.0,14.8%,8,0%,2.5,3,3.8,4.6,-10.8
433,LVR,"Malcolm Koonce",DL,9.0,-5.5%,8,0%,2.7,2.6,3.6,4.9,-10.8
434,LAC,"Khalil Mack",DL,8.0,-24.2%,12,93%,3.4,2.6,3.9,5.4,-10.9
435,PHI,"Jalen Carter",DL,9.0,-19.2%,9,18%,3.2,3.7,3.5,4.8,-10.9
436,LVR,"Zamir White",RB,9.0,0.3%,8,35%,1.4,0.1,1.7,2.6,-10.9
437,PHI,"Jaelan Phillips",DL,8.0,-19.2%,9,23%,1.3,2.4,2.6,7.8,-11
438,UNS,"Malik Davis",RB,7.0,-,18,0%,1.3,0.5,1.3,1.3,-11
439,DEN,"Pat Bryant",WR,8.0,-2%,12,0%,6.5,4.2,7.8,11.9,-11.1
440,LAR,"Nathan Landman",LB,9.0,-8.3%,8,0%,5.9,6.3,5.9,5.9,-11.1
441,IND,"Michael Badgley",K,8.0,-29.3%,11,0%,7.3,5.4,7.3,7.3,-11.2
442,BUF,"Tyler Bass",K,8.0,0.5%,7,0%,5.8,4.2,6.1,7.5,-11.2
443,IND,"Tyler Goodson",RB,8.0,-6.9%,11,0%,0.8,0.7,1.2,3.9,-11.2
444,CLE,"Denzel Ward",DB,9.0,3.6%,9,66%,3.6,2.3,5.1,6.6,-11.3
445,TEN,"Kalel Mullings",RB,8.0,-10.4%,10,0%,0.8,0.3,1,4.5,-11.3
446,BUF,"Joshua Palmer",WR,9.0,1.4%,7,74%,4.3,5.3,7.8,9.5,-11.4
447,WAS,"Mike Sainristil",DB,8.0,-4.2%,12,0%,4.4,3.4,5.8,7.3,-11.4
448,LVR,"Dylan Laube",RB,9.0,0.3%,8,15%,0.9,0.1,1.7,2.2,-11.4
449,IND,"Laiatu Latu",DL,8.0,-20.9%,11,27%,3,3,3.5,6.1,-11.5
450,JAC,"Arik Armstead",DL,9.0,1.7%,8,21%,2.2,1.5,2.8,6.4,-11.5
451,CLE,"Tyson Campbell",DB,9.0,3.6%,9,0%,3.8,4.4,4.7,7.3,-11.7
452,HOU,"Kamari Lassiter",DB,9.0,-1.9%,6,0%,3.7,3.4,4.6,7.1,-11.7
453,BUF,"Joey Bosa",DL,9.0,10.6%,7,94%,2,2.3,3,6,-11.8
454,MIA,"Minkah Fitzpatrick",DB,8.0,9%,12,35%,4.3,4.9,5.1,8.2,-11.9
455,SEA,"Coby Bryant",DB,9.0,14.8%,8,0%,3.5,6.2,5,6.5,-12.2
456,TEN,"Julius Chestnut",RB,8.0,-10.4%,10,0%,1.1,0.4,1.4,2.5,-12.2
457,LAR,"Jordan Whittington",WR,9.0,-3.3%,8,0%,4.8,4.3,7.3,9.5,-12.3
458,DET,"D.J. Reed",DB,9.0,-11.7%,8,0%,3.8,3.5,5,6.3,-12.4
459,LVR,"Adam Butler",DL,9.0,-5.5%,8,0%,3.6,,3.6,3.6,-12.4
460,MIN,"Byron Murphy",DB,9.0,-28.8%,6,0%,5.2,3.8,5.2,5.2,-12.5
461,TB,"Haason Reddick",DL,9.0,17.8%,9,14%,2.5,1.9,3.1,5.1,-12.5
462,BUF,"Christian Benford",DB,9.0,10.6%,7,0%,3.5,3.6,4.7,7.1,-12.6
463,PIT,"Pat Freiermuth",TE,9.0,3.8%,5,46%,5.5,6.1,7.3,9.8,-12.7
464,CAR,"Trevin Wallace",LB,8.0,-1.2%,14,0%,4.6,3.7,6,8.4,-12.7
465,MIN,"Harrison Smith",DB,9.0,-28.8%,6,15%,3.9,4.7,4.7,6.8,-12.7
466,NE,"Christian Barmore",DL,8.0,9.6%,14,0%,2.9,1.8,3.8,5.2,-12.8
467,KC,"Nick Bolton",LB,8.0,-15.7%,10,35%,5,6.5,5.9,8.3,-12.9
468,LAC,"Tuli Tuipulotu",DL,8.0,-24.2%,12,0%,3.1,3.2,3.6,5.1,-12.9
469,DAL,"Dallas Cowboys",DEF,8.0,8.8%,10,0%,4.1,3.8,5,5.7,-13
470,LAR,"Kamren Kinchens",DB,9.0,-8.3%,8,0%,3.4,5.6,4.9,6.4,-13.2
471,HOU,"Derek Stingley",DB,9.0,-1.9%,6,24%,3.3,2.9,4.4,7.7,-13.2
472,PIT,"Payton Wilson",LB,9.0,2.2%,5,0%,3.6,4.3,5.1,7.9,-13.3
473,CAR,"A'Shawn Robinson",DL,8.0,-1.2%,14,0%,3.1,1.8,3.9,4.5,-13.3
474,KC,"Chris Jones",DL,8.0,-15.7%,10,10%,2.6,2.9,3.1,6.2,-13.3
475,CIN,"Cincinnati Bengals",TQB,8.0,9.4%,10,0%,21.9,17,23.6,25,0
476,BAL,"Baltimore Ravens",TQB,9.0,13.9%,7,0%,19.4,21.6,21.5,23.9,0
477,BUF,"Buffalo Bills",TQB,9.0,5.2%,7,0%,19.9,21.9,21.2,23.7,0
478,KC,"Kansas City Chiefs",TQB,8.0,-8.2%,10,0%,19.1,21.6,21.2,23.3,0
479,PHI,"Philadelphia Eagles",TQB,9.0,5.8%,9,0%,17.7,20.2,21.1,23.2,0
480,LAC,"Los Angeles Chargers",TQB,8.0,4.4%,12,0%,17.3,19.2,19.7,22.3,0
481,NE,"New England Patriots",TQB,8.0,7.1%,14,0%,17.4,19.5,19.3,21.6,0
482,DAL,"Dallas Cowboys",TQB,8.0,-4.5%,10,0%,17.4,19.1,19.1,21,0
483,LAR,"Los Angeles Rams",TQB,9.0,-1.3%,8,0%,17.7,16.7,18.2,22.8,0
484,TB,"Tampa Bay Buccaneers",TQB,9.0,-3.9%,9,0%,16.2,19,18,20.9,0
485,NYG,"New York Giants",TQB,8.0,8.6%,14,0%,17.8,19.2,17.8,17.8,0
486,IND,"Indianapolis Colts",TQB,8.0,-1.1%,11,0%,14.2,17.8,17.7,20.2,0
487,DEN,"Denver Broncos",TQB,8.0,-1.2%,12,0%,15.7,17.6,17.6,19,0
488,SF,"San Francisco 49ers",TQB,8.0,-1.1%,14,0%,14.8,17.4,17.2,18.4,0
489,GB,"Green Bay Packers",TQB,9.0,4.6%,5,0%,14.8,17.3,16.8,18.1,0
490,WAS,"Washington Commanders",TQB,8.0,4.1%,12,0%,14.8,17.1,16.8,18,0
491,DET,"Detroit Lions",TQB,9.0,8.3%,8,0%,15,17.2,16.7,18.2,0
492,CHI,"Chicago Bears",TQB,9.0,1.4%,5,0%,14.9,17.1,16.5,18.6,0
493,SEA,"Seattle Seahawks",TQB,9.0,-6.6%,8,0%,15.3,16.8,16.4,19.7,0
494,JAC,"Jacksonville Jaguars",TQB,9.0,-6.2%,8,0%,14.6,16.1,16.2,17.5,0
495,PIT,"Pittsburgh Steelers",TQB,9.0,4.9%,5,0%,14.1,16,16,20.5,0
496,MIN,"Minnesota Vikings",TQB,9.0,13.3%,6,0%,13.4,15.5,15.9,16.7,0
497,ARI,"Arizona Cardinals",TQB,9.0,0.5%,8,0%,14.3,17.3,15.9,18.4,0
498,NYJ,"New York Jets",TQB,9.0,5.4%,9,0%,15.9,16,15.9,15.9,0
499,CAR,"Carolina Panthers",TQB,8.0,-3.8%,14,0%,13.7,14,15.8,17.1,0
500,MIA,"Miami Dolphins",TQB,8.0,11%,12,0%,14.1,14.4,15.7,16.5,0
501,LVR,"Las Vegas Raiders",TQB,9.0,-11%,8,0%,14.5,14.2,15.6,19.5,0
502,NO,"New Orleans Saints",TQB,8.0,-4.1%,11,0%,13.1,13.7,14.9,16.8,0
503,HOU,"Houston Texans",TQB,9.0,-4%,6,0%,12.9,15.6,14.8,16,0
504,ATL,"Atlanta Falcons",TQB,9.0,-1.3%,5,0%,12.2,14.4,14.7,18.2,0
505,TEN,"Tennessee Titans",TQB,8.0,-4.2%,10,0%,13.2,12.2,14.4,18,0
506,CLE,"Cleveland Browns",TQB,9.0,7.5%,9,0%,12.6,13.4,12.6,12.6,0
507,SF,"San Francisco 49ers",TK,8.0,-3.4%,14,0%,9.4,5.1,11.9,12.5,0
508,DAL,"Dallas Cowboys",TK,8.0,2.7%,10,0%,7.4,5.8,10,10.2,0
509,LAC,"Los Angeles Chargers",TK,8.0,-5.9%,12,0%,7.8,5.6,9.5,10.4,0
510,PHI,"Philadelphia Eagles",TK,9.0,2.7%,9,0%,7,5.1,9,9.4,0
511,HOU,"Houston Texans",TK,9.0,-7.4%,6,0%,7,5.4,8.9,9.3,0
512,KC,"Kansas City Chiefs",TK,8.0,-4.4%,10,0%,7.3,5.8,8.9,9.5,0
513,DEN,"Denver Broncos",TK,8.0,-8.2%,12,0%,6.6,5,8.6,8.9,0
514,TB,"Tampa Bay Buccaneers",TK,9.0,2.7%,9,0%,6.7,5.8,8.6,9.1,0
515,BAL,"Baltimore Ravens",TK,9.0,6.9%,7,0%,6.5,5.6,8.5,8.7,0
516,SEA,"Seattle Seahawks",TK,9.0,-2.4%,8,0%,6.8,5.1,8.5,9.3,0
517,PIT,"Pittsburgh Steelers",TK,9.0,3.4%,5,0%,7.5,5.6,8.4,9.7,0
518,DET,"Detroit Lions",TK,9.0,14.3%,8,0%,6.3,5.7,8.3,8.8,0
519,ARI,"Arizona Cardinals",TK,9.0,-18.5%,8,0%,6.6,5.1,8.2,9.1,0
520,WAS,"Washington Commanders",TK,8.0,13.1%,12,0%,8.1,17.3,8.1,8.1,0
521,MIN,"Minnesota Vikings",TK,9.0,2.3%,6,0%,6.5,5.2,7.8,8.7,0
522,CAR,"Carolina Panthers",TK,8.0,-5.1%,14,0%,7.8,0,7.8,7.8,0
523,JAC,"Jacksonville Jaguars",TK,9.0,-4.6%,8,0%,6.5,5.1,7.6,8.8,0
524,NYG,"New York Giants",TK,8.0,-2.8%,14,0%,7.3,4.6,7.6,11.4,0
525,NO,"New Orleans Saints",TK,8.0,7%,11,0%,6.8,5,7.5,8.9,0
526,NYJ,"New York Jets",TK,9.0,-0.5%,9,0%,6.9,4.7,7.5,8.6,0
527,MIA,"Miami Dolphins",TK,8.0,9.8%,12,0%,6.3,5.4,7.5,8.2,0
528,LVR,"Las Vegas Raiders",TK,9.0,8%,8,0%,6.4,4.6,7.5,9,0
529,IND,"Indianapolis Colts",TK,8.0,-29.3%,11,0%,6,5.4,7.3,7.9,0
530,NE,"New England Patriots",TK,8.0,17.3%,14,0%,6,4.9,7.2,9,0
531,BUF,"Buffalo Bills",TK,9.0,0.5%,7,0%,5.8,5.3,7.1,8,0
532,CIN,"Cincinnati Bengals",TK,8.0,9.9%,10,0%,5.9,5.1,7,8,0
533,TEN,"Tennessee Titans",TK,8.0,-24%,10,0%,7,7.1,7,7,0
534,GB,"Green Bay Packers",TK,9.0,9.1%,5,0%,6.7,5.2,6.7,6.7,0
535,LAR,"Los Angeles Rams",TK,9.0,-13.1%,8,0%,5.2,4.7,6.6,6.9,0
536,CHI,"Chicago Bears",TK,9.0,9.3%,5,0%,5.3,5.1,6.5,7.3,0
537,CLE,"Cleveland Browns",TK,9.0,6.8%,9,0%,6.1,0,6.4,8.6,0
538,ATL,"Atlanta Falcons",TK,9.0,-1.1%,5,0%,3.6,1,4.5,4.8,0
539,SF,"Russell Gage",WR,8.0,3.6%,14,25%,0.2,0,0.4,0.4,0
540,CAR,"Trevor Etienne",RB,8.0,-6%,14,13%,0.6,0.6,0.9,2.3,-13.3
541,NYG,"Andru Phillips",DB,8.0,11.5%,14,0%,5.6,3.6,5.6,5.6,-13.4
542,LAC,"Elijah Molden",DB,8.0,-24.2%,12,0%,4.2,1.9,5.2,7.3,-13.4
543,LVR,"Isaiah Pola-Mao",DB,9.0,-5.5%,8,0%,5,,5,5,-13.4
544,GB,"Carrington Valentine",DB,9.0,-11.6%,5,0%,5,1.9,5,5,-13.4
545,NYG,"Jevon Holland",DB,8.0,11.5%,14,25%,3.9,4.1,4.9,8.3,-13.4
546,NYG,"Kayvon Thibodeaux",DL,8.0,11.5%,14,18%,3.1,3,3.6,4.9,-13.4
547,SEA,"Boye Mafe",DL,9.0,14.8%,8,0%,2.7,3.1,3.4,4.3,-13.5
548,NE,"Milton Williams",DL,8.0,9.6%,14,0%,2.5,3.2,3.1,6.2,-13.5
549,CLE,"Raheim Sanders",RB,8.0,8.2%,9,0%,0.7,0,0.9,1.6,-13.5
550,TEN,"Cedric Gray",LB,8.0,0.8%,10,0%,6.3,4.8,6.3,6.3,-13.7
551,SEA,"Drake Thomas",LB,9.0,14.8%,8,0%,5.6,,5.6,5.6,-13.7
552,MIN,"Eric Wilson",LB,9.0,-28.8%,6,0%,5.5,,5.5,5.5,-13.7
553,IND,"Kwity Paye",DL,8.0,-20.9%,11,83%,2.9,3.1,3.4,5.4,-13.7
554,DAL,"Sam Williams",DL,8.0,8.8%,10,0%,2.4,1.9,3.2,6.4,-13.7
555,NYJ,"Tony Adams",DB,9.0,27.4%,9,0%,3.4,4.5,4.9,6.1,-13.8
556,PIT,"Joey Porter Jr.",DB,9.0,2.2%,5,0%,3.6,3.6,4.8,6.2,-13.8
557,TB,"Vita Vea",DL,9.0,17.8%,9,34%,2.6,3.2,3.3,4,-13.9
558,MIA,"Jason Sanders",K,7.0,9.8%,12,0%,6.1,4.9,6.6,7.6,-14
559,NYJ,"Brandon Stephens",DB,9.0,27.4%,9,0%,3.8,3.2,4.8,6,-14
560,JAC,"Jourdan Lewis",DB,9.0,1.7%,8,0%,3.1,3.4,4.7,6.3,-14
561,KC,"Charles Omenihu",DL,8.0,-15.7%,10,0%,3.1,0.9,3.7,4.3,-14
562,GB,"Lukas Van Ness",DL,9.0,-11.6%,5,14%,2.4,1.6,3,4.8,-14
563,PIT,"Darius Slay",DB,9.0,2.2%,5,77%,3.4,2.8,4.9,6,-14.1
564,DEN,"Jaleel McLaughlin",RB,8.0,-6%,12,17%,0.7,0.3,0.9,1.2,-14.2
565,CIN,"Cincinnati Bengals",DEF,8.0,-3.8%,10,0%,4.2,2.9,4.6,5.7,-14.3
566,NYJ,"Harrison Phillips",DL,9.0,27.4%,9,0%,2.4,2.7,2.9,4.9,-14.3
567,WAS,"Jeremy Reaves",DB,8.0,-4.2%,12,0%,5.5,3.9,5.5,5.5,-14.4
568,TEN,"L'Jarius Sneed",DB,8.0,0.8%,10,0%,4.2,3.6,5.2,6.8,-14.4
569,CHI,"Gervon Dexter",DL,9.0,1.1%,5,0%,2.7,3.4,3.2,3.9,-14.5
570,GB,"Karl Brooks",DL,9.0,-11.6%,5,0%,1.8,1.7,2.5,6.3,-14.6
571,IND,"Kenny Moore",DB,8.0,-20.9%,11,0%,3.9,4.3,4.8,7.4,-14.7
572,ATL,"James Pearce",DL,9.0,5.6%,5,0%,1.9,2,2.9,5.1,-14.7
573,ARI,"Michael Wilson",WR,9.0,-4.3%,8,58%,4.1,5.7,7.4,8.9,-14.8
574,NE,"Carlton Davis",DB,8.0,9.6%,14,27%,3.9,2.9,5.2,6.8,-14.8
575,MIN,"Ty Chandler",RB,9.0,5.7%,6,8%,0.5,0.6,0.5,0.7,-14.9
576,DAL,"Jack Sanborn",LB,5.0,8.8%,10,0%,2.2,0,3.3,6.6,-15
577,WAS,"Chris Moore",WR,8.0,-1.1%,12,0%,5.7,2.3,7.2,10.7,-15.3
578,IND,"Camryn Bynum",DB,8.0,-20.9%,11,0%,4,6.1,5.1,6.8,-15.3
579,LVR,"Kyu Blu Kelly",DB,9.0,-5.5%,8,0%,4.8,,4.8,4.8,-15.3
580,PIT,"Kyle Dugger",DB,9.0,2.2%,5,0%,3.5,3.2,4.6,5.8,-15.4
581,DAL,"Osa Odighizuwa",DL,8.0,8.8%,10,0%,3,3.2,3.4,4.6,-15.4
582,CLE,"Maliek Collins",DL,9.0,3.6%,9,0%,3.3,2.3,3.3,3.3,-15.4
583,NYJ,"Will McDonald",DL,9.0,27.4%,9,15%,2.3,3.2,2.9,4.5,-15.4
584,SEA,"Damien Martinez",RB,9.0,-9.2%,8,5%,0.2,0.2,0.2,0.9,-15.4
585,MIN,"Cam Akers",RB,9.0,5.7%,6,9%,0.2,0,0.3,0.4,-15.6
586,NO,"Justin Reid",DB,8.0,42.1%,11,0%,4,4.3,5.2,6.8,-15.7
587,ARI,"Garrett Williams",DB,9.0,-15.1%,8,0%,3.3,2.9,4.4,6.6,-15.7
588,JAC,"Dyami Brown",WR,8.0,-5.8%,8,59%,5.5,5.6,6,10,-15.8
589,ATL,"Leonard Floyd",DL,9.0,5.6%,5,15%,2.5,3.1,3.1,3.7,-15.9
590,BAL,"DeAndre Hopkins",WR,9.0,6.8%,7,28%,5.7,3.9,6.3,9.5,-16
591,LVR,"Jack Bech",WR,9.0,-7.1%,8,23%,4.3,5,5.6,11.1,-16
592,ARI,"Zaven Collins",DL,9.0,-15.1%,8,0%,2.7,3.9,3.2,3.7,-16
593,CAR,"Nic Scourton",DL,8.0,-1.2%,14,0%,2.2,2.8,2.9,5.8,-16.1
594,IND,"Ameer Abdullah",RB,1.0,-6.9%,11,8%,0.2,1.4,0.2,0.2,-16.1
595,DET,"Isaac TeSlaa",WR,9.0,10.7%,8,0%,4.1,1.8,6.8,9.2,-16.2
596,NYG,"Eric Gray",RB,8.0,-8%,14,0%,0.1,0.4,0.1,0.3,-16.2
597,NO,"Jonas Sanker",DB,8.0,42.1%,11,0%,5.2,,5.2,5.2,-16.3
598,CLE,"Ronnie Hickman",DB,9.0,3.6%,9,0%,4.7,,4.7,4.7,-16.3
599,WAS,"Donovan Edwards",RB,8.0,5.9%,12,0%,0.1,0,0.1,0.1,-16.4
600,CIN,"Noah Fant",TE,8.0,4.9%,10,59%,4.8,6,6.9,12.4,-16.5
601,KC,"Drue Tranquill",LB,8.0,-15.7%,10,0%,4.6,4.9,5.6,7.6,-16.5
602,KC,"Michael Danna",DL,8.0,-15.7%,10,0%,2.6,2.1,3.3,4.6,-16.5
603,MIA,"Bradley Chubb",DL,8.0,9%,12,25%,2.3,3.9,3.6,4.3,-16.6
604,BUF,"Taylor Rapp",DB,7.0,10.6%,7,0%,3.3,2.8,4.4,5.7,-16.8
605,TEN,"Arden Key",DL,8.0,0.8%,10,0%,2.6,2.5,3.2,4.3,-16.8
606,WAS,"Von Miller",DL,8.0,-4.2%,12,6%,0,0,3.2,4.2,-16.8
607,TEN,"Chigoziem Okonkwo",TE,8.0,4.4%,10,34%,5.7,6.4,7.3,10.4,-17
608,KC,"Trent McDuffie",DB,8.0,-15.7%,10,0%,3.7,3.6,4.6,7.1,-17
609,ATL,"Mike Hughes",DB,9.0,5.6%,5,27%,2.9,3.2,4.5,5.6,-17
610,BUF,"A.J. Epenesa",DL,9.0,10.6%,7,0%,2.2,2,2.9,3.9,-17
611,NE,"Marcus Jones",DB,8.0,9.6%,14,0%,3.5,4.1,5,6.5,-17.1
612,TB,"Jamel Dean",DB,8.0,17.8%,9,35%,3.2,3.3,4.5,5.9,-17.1
613,DAL,"KaVontae Turpin",WR,8.0,-4.7%,10,0%,4.8,5.3,6.4,12.2,-17.2
614,CAR,"Nick Scott",DB,8.0,-1.2%,14,0%,5.1,2.4,5.1,5.1,-17.2
615,NYJ,"Malachi Moore",DB,9.0,27.4%,9,0%,4.6,0.8,4.6,4.6,-17.2
616,ARI,"Baron Browning",DL,9.0,-15.1%,8,19%,2,2.2,2.7,4.5,-17.2
617,BAL,"Teddye Buchanan",LB,9.0,32%,7,0%,2.1,5.3,4.2,9.2,-17.3
618,CLE,"Isaiah McGuire",DL,10.0,3.6%,9,0%,3,,3,3,-17.3
619,LAR,"Omar Speights",LB,9.0,-8.3%,8,0%,3.6,4.3,4.8,6.2,-17.5
620,SF,"Renardo Green",DB,8.0,16.1%,14,0%,3.8,4.1,4.7,6.3,-17.9
621,KC,"JuJu Smith-Schuster",WR,8.0,-4.3%,10,94%,4.2,3.8,5.3,13.8,-18
622,CLE,"Devin Bush",LB,9.0,3.6%,9,0%,5,6.3,5,5,-18
623,SF,"Deommodore Lenoir",DB,8.0,16.1%,14,0%,3.4,3.9,4.8,6.2,-18.1
624,MIA,"Jack Jones",DB,8.0,9%,12,0%,5.1,,5.1,5.1,-18.2
625,ATL,"Divine Deablo",LB,7.0,5.6%,5,37%,3.3,3.5,4.3,5.6,-18.3
626,MIN,"Javon Hargrave",DL,9.0,-28.8%,6,15%,2,3.3,2.8,3.8,-18.3
627,DET,"Terrion Arnold",DB,9.0,-11.7%,8,27%,2.1,3.4,4.2,6.3,-18.4
628,NE,"Christian Gonzalez",DB,8.0,9.6%,14,45%,3.3,3.8,4.4,7.3,-18.5
629,GB,"Evan Williams",DB,9.0,-11.6%,5,0%,3,5.1,4.3,5.4,-18.5
630,KC,"Kristian Fulton",DB,8.0,-15.7%,10,0%,3.3,2.6,4.7,6.3,-18.6
631,SEA,"Julian Love",DB,6.0,14.8%,8,0%,3.5,5.1,4.1,5.5,-18.6
632,NO,"Cameron Jordan",DL,8.0,42.1%,11,7%,1.5,1.9,3,4.8,-18.6
633,WAS,"Daron Payne",DL,8.0,-4.2%,12,25%,2.2,2.9,2.7,5.1,-18.9
634,NO,"Pete Werner",LB,8.0,42.1%,11,0%,4.2,4.3,5.3,6.8,-19.1
635,MIA,"Ashtyn Davis",DB,8.0,9%,12,0%,4.9,0.5,4.9,4.9,-19.1
636,MIA,"Rasul Douglas",DB,8.0,9%,12,0%,4.9,,4.9,4.9,-19.1
637,SF,"Keion White",DL,8.0,16.1%,14,0%,1.6,1.1,2.7,5.4,-19.1
638,BUF,"Matt Milano",LB,9.0,10.6%,7,49%,3.1,1.6,4.7,6.4,-19.2
639,ARI,"Calais Campbell",DL,9.0,-15.1%,8,8%,2.2,0.2,2.7,3.5,-19.2
640,TEN,"Amani Hooker",DB,8.0,0.8%,10,0%,3.7,3.5,4.6,6,-19.4
641,WAS,"Javon Kinlaw",DL,8.0,-4.2%,12,0%,2.2,2,2.7,4.3,-19.5
642,TEN,"Gunnar Helm",TE,8.0,4.4%,10,0%,4.8,5.3,6.3,11.5,-19.8
643,IND,"Charvarius Ward",DB,7.0,-20.9%,11,27%,3.3,3.4,4.4,6.6,-19.9
644,MIA,"Chop Robinson",DL,8.0,9%,12,0%,2,3,2.9,4.1,-20
645,CHI,"Grady Jarrett",DL,9.0,1.1%,5,17%,1.8,2.7,2.5,3.5,-20
646,NE,"Craig Woodson",DB,8.0,9.6%,14,0%,4.8,,4.8,4.8,-20.1
647,KC,"Bryan Cook",DB,8.0,-15.7%,10,0%,3.3,3.4,4.7,6.1,-20.1
648,CIN,"Myles Murphy",DL,8.0,-3.8%,10,0%,1.6,1.3,2,6,-20.1
649,WAS,"Jartavius Martin",DB,8.0,-4.2%,12,0%,3.4,3.8,4.3,6.7,-20.2
650,CHI,"Jaylon Johnson",DB,9.0,1.1%,5,0%,3,2.4,4,5.4,-20.3
651,SF,"Sam Okuayinonu",DL,8.0,16.1%,14,0%,3,0.7,3,3,-20.3
652,PHI,"Quinyon Mitchell",DB,9.0,-19.2%,9,0%,2.7,3.1,3.8,6.1,-20.4
653,BAL,"Kyle Van Noy",LB,9.0,32%,7,24%,3.2,2.8,4.2,6.5,-20.5
654,ATL,"A.J. Terrell",DB,9.0,5.6%,5,43%,2.5,2.7,3.9,5.9,-20.5
655,LAC,"Denzel Perryman",LB,8.0,-24.2%,12,22%,5.2,2.8,5.2,5.2,-20.6
656,IND,"Germaine Pratt",LB,8.0,-20.9%,11,0%,5.2,5.7,5.2,5.2,-20.6
657,DEN,"Ja'Quan McMillian",DB,8.0,-4.6%,12,0%,3.2,3.8,4.6,6.2,-20.6
658,SF,"Ji'ayir Brown",DB,8.0,16.1%,14,0%,3.1,1.8,4.4,5.9,-20.6
659,DEN,"Dre Greenlaw",LB,8.0,-4.6%,12,37%,3.3,4,4.7,7.4,-20.7
660,CIN,"B.J. Hill",DL,8.0,-3.8%,10,0%,2.2,2.7,2.9,3.6,-20.7
661,HOU,"Tim Settle",DL,9.0,-1.9%,6,0%,1.9,0.9,2.5,3.5,-20.9
662,MIN,"Isaiah Rodgers",DB,9.0,-28.8%,6,0%,4.1,,4.1,4.1,-21
663,JAC,"Andrew Wingard",DB,9.0,1.7%,8,0%,4.1,,4.1,4.1,-21
664,LAC,"Tarheeb Still",DB,8.0,-24.2%,12,0%,3.2,4.2,4.5,5.9,-21.1
665,CAR,"Jaycee Horn",DB,8.0,-1.2%,14,30%,3.2,3.1,4.5,5.9,-21.1
666,SEA,"Josh Jobe",DB,9.0,14.8%,8,0%,2.8,,4,5.2,-21.1
667,CHI,"Olamide Zaccheaus",WR,9.0,4.2%,5,19%,4,7.2,5.1,9.9,-21.2
668,NO,"Chase Young",DL,8.0,42.1%,11,13%,2.9,2.4,2.9,2.9,-21.2
669,WAS,"Jacob Martin",DL,8.0,-4.2%,12,0%,2.9,,2.9,2.9,-21.2
670,NO,"Bryan Bresee",DL,8.0,42.1%,11,0%,1.8,2.1,2.7,3.8,-21.2
671,GB,"Colby Wooden",DL,9.0,-11.6%,5,0%,2.5,1.8,2.5,2.5,-21.2
672,BUF,"Larry Ogunjobi",DL,9.0,10.6%,7,0%,2.5,1.6,2.5,2.5,-21.2
673,MIN,"Jalen Nailor",WR,9.0,11.7%,6,0%,4.3,4.4,6.1,8.2,-21.3
674,DET,"Tyleik Williams",DL,9.0,-11.7%,8,0%,1.7,1,2.3,3.5,-21.3
675,PIT,"Jonnu Smith",TE,9.0,3.8%,5,60%,4.1,6.6,6.1,8.8,-21.4
676,CAR,"Michael Jackson",DB,8.0,-1.2%,14,0%,2.8,3.8,4.3,6.5,-21.5
677,CIN,"Geno Stone",DB,8.0,-3.8%,10,0%,2.7,4,4.2,6.3,-21.5
678,LVR,"Tyree Wilson",DL,9.0,-5.5%,8,22%,1.6,0.3,2.3,3.5,-21.5
679,WAS,"Jaylin Lane",WR,8.0,-1.1%,12,0%,4.5,4,6,10.5,-21.6
680,SEA,"AJ Barner",TE,9.0,-0.7%,8,36%,4.8,7.2,5.4,10,-21.8
681,BAL,"Alohi Gilman",DB,8.0,32%,7,0%,2,6,4,5.4,-21.8
682,CAR,"D.J. Wonnum",DL,8.0,-1.2%,14,0%,2.2,3.4,2.7,3.2,-21.8
683,LAC,"Odafe Oweh",DL,8.0,-24.2%,12,0%,2.2,5.1,2.6,3.5,-21.8
684,ATL,"Arnold Ebiketie",DL,9.0,5.6%,5,0%,1.6,2.6,2.3,3.3,-21.8
685,GB,"Dontayvion Wicks",WR,8.0,1.6%,5,64%,3.2,2.9,5.5,9.1,-21.9
686,IND,"Xavien Howard",DB,8.0,-20.9%,11,69%,4.5,0,4.5,4.5,-22
687,NO,"Isaac Yiadom",DB,8.0,42.1%,11,0%,4.5,,4.5,4.5,-22
688,ATL,"Billy Bowman",DB,9.0,5.6%,5,0%,4,2.2,4,4,-22
689,NYJ,"Josh Reynolds",WR,9.0,0.8%,9,53%,4,1.1,5.9,8,-22.2
690,LAR,"Tyler Higbee",TE,9.0,0.3%,8,78%,4.4,4.4,5.5,9.8,-22.2
691,LVR,"Jonah Laulu",DL,9.0,-5.5%,8,0%,2.5,,2.5,2.5,-22.2
692,LVR,"Thomas Booker IV",DL,9.0,-5.5%,8,0%,2.4,,2.4,2.4,-22.2
693,CIN,"DJ Turner II",DB,8.0,-3.8%,10,0%,2.9,2.3,4.1,6.2,-22.3
694,LVR,"Michael Mayer",TE,9.0,-15.4%,8,36%,4.8,4.9,5.3,9.5,-22.4
695,PIT,"Nick Herbig",DL,9.0,2.2%,5,0%,1.4,2.7,1.7,4.2,-22.5
696,SEA,"Tariq Woolen",DB,9.0,14.8%,8,0%,2.4,2.5,3.7,5.6,-22.6
697,IND,"Ahmad Gardner",DB,8.0,-20.9%,11,36%,2.9,2.9,4.1,5.9,-22.7
698,DAL,"Dante Fowler",DL,8.0,8.8%,10,6%,1.9,2.3,2.5,3.6,-22.7
699,CIN,"Andrei Iosivas",WR,8.0,9.3%,10,14%,4.9,5.4,5.8,10.2,-22.9
700,LVR,"Eric Stokes",DB,9.0,-5.5%,8,0%,3.9,2.1,3.9,3.9,-22.9
701,BUF,"Tre'Davious White",DB,9.0,10.6%,7,32%,3.9,1.5,3.9,3.9,-22.9
702,BAL,"Nate Wiggins",DB,9.0,32%,7,0%,2.4,2.7,3.7,5,-22.9
703,WAS,"Jer'Zhan Newton",DL,8.0,-4.2%,12,0%,1.8,2,2.4,3.4,-22.9
704,TEN,"T'Vondre Sweat",DL,8.0,0.8%,10,0%,2.6,2.1,2.6,2.6,-23.2
705,ATL,"David Onyemata",DL,9.0,5.6%,5,0%,1.7,2.4,2.3,3.1,-23.2
706,CIN,"Demetrius Knight Jr.",LB,8.0,-3.8%,10,0%,3.4,6.5,4.5,6.5,-23.4
707,ARI,"Jordan Burch",DL,9.0,-15.1%,8,0%,1.2,1.7,1.9,3.8,-23.6
708,CAR,"Ja'Tavion Sanders",TE,8.0,-2.4%,14,76%,4.5,4.6,6.9,9,-23.7
709,MIA,"Darren Waller",TE,6.0,14.2%,12,64%,3.1,6.9,6,6.8,-23.7
710,PIT,"Jalen Ramsey",DB,9.0,2.2%,5,10%,2.4,4.2,3.7,5,-23.8
711,PHI,"Michael Carter II",DB,9.0,-19.2%,9,0%,2.4,1.1,3.7,5,-23.8
712,NE,"Jaylinn Hawkins",DB,8.0,9.6%,14,0%,4.3,4.9,4.3,4.3,-23.9
713,NYG,"Cor'Dale Flott",DB,8.0,11.5%,14,0%,4.3,1.4,4.3,4.3,-23.9
714,TEN,"Jalyn Armour-Davis",DB,8.0,0.8%,10,0%,4.2,3,4.2,4.2,-23.9
715,LAR,"Emmanuel Forbes",DB,9.0,-8.3%,8,0%,3.8,1.8,3.8,3.8,-23.9
716,TB,"Jacob Parrish",DB,9.0,17.8%,9,0%,3.8,3.8,3.8,3.8,-23.9
717,DAL,"Malik Hooker",DB,8.0,8.8%,10,8%,2.9,3.2,4.1,5.3,-24
718,NO,"Taysom Hill",TE,7.0,-3.4%,11,30%,3.4,3.9,5.2,9.9,-24.1
719,NE,"Christian Elliss",LB,8.0,9.6%,14,0%,4.7,3.8,4.7,4.7,-24.1
720,DET,"Al-Quadin Muhammad",LB,9.0,-11.7%,8,0%,4.3,,4.3,4.3,-24.1
721,GB,"Javon Bullard",DB,9.0,-11.6%,5,0%,2.6,2.7,3.5,5.3,-24.1
722,SEA,"Elijah Arroyo",TE,9.0,-0.7%,8,35%,3.6,4.9,5.4,9.2,-24.3
723,DAL,"Kenny Clark",DL,8.0,8.8%,10,8%,1.7,2.3,2.3,3.6,-24.3
724,MIA,"Nick Westbrook-Ikhine",WR,8.0,7.5%,12,0%,4.2,4.3,5.3,10.1,-24.5
725,DEN,"Patrick Surtain II",DB,8.0,-4.6%,12,0%,2.6,2.8,3.9,5.9,-24.5
726,PIT,"Keeanu Benton",DL,9.0,2.2%,5,0%,1.6,2.1,2.1,2.7,-24.5
727,ARI,"Darius Robinson",DL,9.0,-15.1%,8,0%,1.4,1.4,2,3.1,-24.5
728,HOU,"E.J. Speed",LB,9.0,-1.9%,6,0%,0,2.1,3.2,6.4,-24.6
729,ATL,"Jalon Walker",LB,9.0,5.6%,5,27%,2.8,3.4,3.7,5.6,-24.7
730,KC,"Ashton Gillotte",DL,8.0,-15.7%,10,0%,1.3,0.2,1.9,3.8,-24.7
731,WAS,"Trey Amos",DB,8.0,-4.2%,12,0%,4.1,2.6,4.1,4.1,-24.9
732,HOU,"M.J. Stewart",DB,9.0,-1.9%,6,0%,3.7,3.2,3.7,3.7,-24.9
733,LAR,"Cobie Durant",DB,9.0,-8.3%,8,0%,3.6,3.2,3.6,3.6,-24.9
734,DAL,"Marshawn Kneeland",DL,8.0,8.8%,10,0%,1.3,1.3,1.9,4.3,-24.9
735,LVR,"Elandon Roberts",LB,9.0,-5.5%,8,32%,3,4,3.9,5.3,-25.1
736,SEA,"Jarran Reed",DL,9.0,14.8%,8,0%,1.4,2.6,1.9,2.6,-25.1
737,CLE,"Alex Wright",DL,9.0,3.6%,9,0%,2.1,,2.1,2.1,-25.2
738,ATL,"Brandon Dorlus",DL,9.0,5.6%,5,0%,2.1,0.4,2.1,2.1,-25.2
739,PHI,"Moro Ojomo",DL,9.0,-19.2%,9,0%,2.1,2.3,2.1,2.1,-25.2
740,HOU,"Xavier Hutchinson",WR,9.0,-1.8%,6,0%,3.1,4,4.4,9.7,-25.4
741,NO,"Kool-Aid McKinstry",DB,8.0,42.1%,11,0%,2,2.6,3.9,5.9,-25.4
742,JAC,"Greg Newsome",DB,9.0,1.7%,8,0%,2.6,2.2,3.2,5,-25.5
743,ATL,"John Parker Romo",K,9.0,-1.1%,5,0%,4.5,1,4.5,4.5,-25.9
744,CLE,"Dalvin Tomlinson",DL,9.0,3.6%,9,0%,1.4,1.8,1.8,2.9,-26.1
745,DAL,"Trevon Diggs",DB,7.0,8.8%,10,32%,2.3,2.3,3.6,5.6,-26.2
746,SF,"Dee Winters",LB,8.0,16.1%,14,0%,2.9,5,4.2,6.1,-26.4
747,ATL,"Ruke Orhorhoro",DL,9.0,5.6%,5,0%,1,1.6,1.9,2.9,-26.4
748,TEN,"Van Jefferson",WR,8.0,-8.3%,10,22%,4.3,1.7,5.1,9.5,-26.5
749,CIN,"T.J. Slaton",DL,8.0,-3.8%,10,0%,1.6,,2.1,2.7,-26.5
750,CHI,"Cole Kmet",TE,8.0,-0.9%,5,35%,4.6,2.5,5.5,7.6,-26.6
751,CHI,"Kyler Gordon",DB,7.0,1.1%,5,0%,3.5,3.1,3.5,3.5,-26.8
752,HOU,"Calen Bullock",DB,9.0,-1.9%,6,0%,2.2,4.3,3.4,4.6,-26.8
753,MIA,"Kenneth Grant",DL,8.0,9%,12,0%,1.4,1.9,1.8,3.6,-26.8
754,JAC,"Eric Murray",DB,6.0,1.7%,8,0%,2.4,3.5,3.4,4.4,-26.9
755,PIT,"Jack Sawyer",DL,9.0,2.2%,5,0%,0.7,0.6,1.4,3.5,-27
756,NYJ,"Micheal Clemons",DL,9.0,27.4%,9,0%,1.4,1.7,1.8,2.4,-27.2
757,DAL,"Ryan Flournoy",WR,8.0,-4.7%,10,0%,3.6,1.9,6,7.8,-27.3
758,DEN,"Justin Strnad",LB,8.0,-4.6%,12,0%,2.2,2.8,4.3,5.8,-27.4
759,LAC,"Donte Jackson",DB,8.0,-24.2%,12,25%,1.8,2.3,3.6,5.4,-27.4
760,DET,"Josh Paschal",DL,8.0,-11.7%,8,0%,1.3,1.2,1.6,2.5,-27.4
761,BUF,"Shaq Thompson",LB,9.0,10.6%,7,21%,3.8,0.6,3.8,3.8,-27.5
762,SEA,"Derick Hall",DL,9.0,14.8%,8,0%,1.4,3.9,1.8,2.3,-27.5
763,DET,"D.J. Reader",DL,9.0,-11.7%,8,0%,1.2,1.7,1.8,2.4,-27.6
764,BUF,"Landon Jackson",DL,9.0,10.6%,7,0%,0.7,0.2,1.4,3.8,-27.6
765,LVR,"Dont'e Thornton Jr.",WR,9.0,-7.1%,8,0%,3.6,2.4,4.8,7.2,-27.7
766,LAC,"Tony Jefferson",DB,7.0,-24.2%,12,14%,3.8,0.3,3.8,3.8,-27.7
767,SF,"Bryce Huff",DL,8.0,16.1%,14,0%,1.1,1.2,1.5,3.8,-27.7
768,NO,"Devaughn Vele",WR,8.0,-9.9%,11,0%,2.1,4.1,5.3,9.5,-27.9
769,TB,"Jalen McMillan",WR,4.0,-3%,9,52%,1.3,3.7,2.5,3.3,-28
770,NE,"Mack Hollins",WR,8.0,0.7%,14,6%,5.6,4.8,6,6.1,-28.1
771,DEN,"Jonah Elliss",DL,8.0,-4.6%,12,0%,2,2.6,2,2,-28.1
772,LAC,"Bud Dupree",DL,8.0,-24.2%,12,17%,1.9,2,1.9,1.9,-28.1
773,HOU,"Sheldon Rankins",DL,9.0,-1.9%,6,8%,1.8,1.7,1.8,1.8,-28.1
774,DAL,"Donovan Ezeiruaku",LB,8.0,8.8%,10,0%,2.7,2.5,3.6,6.1,-28.2
775,CAR,"Christian Rozeboom",LB,8.0,-1.2%,14,0%,4.2,6.1,4.2,4.2,-28.4
776,LAR,"Terrance Ferguson",TE,9.0,0.3%,8,0%,4.3,2.6,5.4,6.8,-28.6
777,JAC,"Hunter Long",TE,9.0,5.2%,8,22%,3.7,1.5,5.4,7.2,-28.6
778,LAR,"Tutu Atwell",WR,8.0,-3.3%,8,15%,3.8,1.9,4.3,7.8,-28.7
779,DET,"Amik Robertson",DB,9.0,-11.7%,8,0%,3.3,2.6,3.3,3.3,-28.7
780,BUF,"Maxwell Hairston",DB,9.0,10.6%,7,0%,3.2,1.7,3.2,3.2,-28.7
781,LAR,"Roger McCreary",DB,8.0,-8.3%,8,0%,2,3.6,3.1,4.2,-28.8
782,BAL,"Travis Jones",DL,9.0,32%,7,0%,1.7,2,1.7,1.7,-29.1
783,HOU,"Henry To'oto'o",LB,9.0,-1.9%,6,0%,2.4,4.9,3,5.4,-29.3
784,SF,"Yetur Gross-Matos",DL,5.0,16.1%,14,13%,1.3,1.3,1.7,2.3,-29.4
785,LAC,"Da'Shawn Hand",DL,8.0,-24.2%,12,0%,1.2,1.1,1.8,2.4,-29.6
786,KC,"Jaylen Watson",DB,8.0,-15.7%,10,0%,2.2,1.4,3.4,4.6,-29.7
787,PIT,"Roman Wilson",WR,9.0,1.5%,5,9%,3.1,4.2,4.1,8.1,-30
788,IND,"Tyquan Lewis",DL,8.0,-20.9%,11,0%,1.8,,1.8,1.8,-30
789,IND,"Samson Ebukam",DL,7.0,-20.9%,11,0%,1.7,2,1.7,1.7,-30
790,DET,"Marcus Davenport",DL,8.0,-11.7%,8,82%,1.5,1.7,1.5,1.5,-30
791,TEN,"Xavier Woods",DB,8.0,0.8%,10,0%,2.4,3.9,3.4,4.3,-30.2
792,LAC,"Cam Hart",DB,8.0,-24.2%,12,0%,3.4,2.6,3.4,3.4,-30.6
793,CIN,"Shemar Stewart",DL,8.0,-3.8%,10,0%,0,2.2,1,3,-30.7
794,NE,"Anfernee Jennings",DL,8.0,9.6%,14,0%,1.4,2.7,1.7,2,-30.8
795,NYG,"Daniel Bellinger",TE,8.0,4.6%,14,30%,3.2,4.7,4.4,11,-31.3
796,NYG,"Jalin Hyatt",WR,8.0,8.3%,14,27%,2.2,1,5.5,7.4,-31.4
797,LAR,"Davis Allen",TE,9.0,0.3%,8,0%,4,1.7,4.9,6.9,-31.4
798,MIN,"Theo Jackson",DB,9.0,-28.8%,6,0%,2.9,1.4,2.9,2.9,-31.5
799,CLE,"Jamari Thrash",WR,9.0,8.9%,9,0%,3.2,2.5,4.2,7.3,-31.9
800,CAR,"Tommy Tremble",TE,8.0,-2.4%,14,0%,4.6,2.1,5.8,6.8,-32.2
801,NYJ,"Tyler Johnson",WR,9.0,0.8%,9,10%,2.6,4.3,3.4,9,-32.3
802,BAL,"Tavius Robinson",LB,4.0,32%,7,0%,0.4,,0.8,1.6,-32.4
803,BUF,"Elijah Moore",WR,9.0,1.4%,7,20%,2.3,1.4,3.9,7.8,-32.5
804,ARI,"Will Johnson",DB,9.0,-15.1%,8,0%,2.8,3.6,2.8,2.8,-32.5
805,CIN,"Mike Gesicki",TE,6.0,4.9%,10,37%,3.2,2.9,4,5.5,-32.7
806,ARI,"Max Melton",DB,9.0,-15.1%,8,0%,1.8,2.9,2.7,3.6,-32.7
807,CHI,"Nahshon Wright",DB,9.0,1.1%,5,0%,2.7,,2.7,2.7,-33.4
808,PHI,"Jihaad Campbell",LB,9.0,-19.2%,9,33%,1.9,4.1,2.9,3.9,-33.7
809,NYJ,"Arian Smith",WR,9.0,0.8%,9,9%,2.9,1.7,4.2,5.8,-34.1
810,ARI,"Zay Jones",WR,9.0,-4.3%,8,42%,2,5.1,3.5,7.7,-34.1
811,NE,"K'Lavon Chaisson",LB,8.0,9.6%,14,0%,3.2,,3.2,3.2,-34.4
812,PIT,"Darnell Washington",TE,9.0,3.8%,5,26%,3,4.3,3.8,8.4,-34.6
813,CIN,"Cam Taylor-Britt",DB,8.0,-3.8%,10,0%,2.1,3.9,2.5,4,-34.6
814,DET,"Kalif Raymond",WR,9.0,10.7%,8,6%,1.9,2.2,3.7,7.4,-34.8
815,DAL,"Kaiir Elam",DB,8.0,8.8%,10,0%,2.7,1.6,2.7,2.7,-35.3
816,JAC,"Jarrian Jones",DB,9.0,1.7%,8,0%,2.4,3.7,2.4,2.4,-35.3
817,WAS,"Noah Brown",WR,7.0,-1.1%,12,0%,1.7,3.5,3.8,5.4,-35.9
818,CAR,"Chau Smith-Wade",DB,8.0,-1.2%,14,0%,2.6,,2.6,2.6,-36.3
819,HOU,"Denico Autry",DL,9.0,-1.9%,6,14%,0.8,2.2,0.8,0.8,-36.9
820,NO,"Brandin Cooks",WR,8.0,-9.9%,11,78%,0.9,5,4.7,6.3,-37.2
821,NYG,"Ray-Ray McCloud",WR,7.0,8.3%,14,0%,1.4,2.3,4.1,4.7,-37.4
822,PIT,"Cole Holcomb",LB,9.0,2.2%,5,0%,1.2,3.8,2.4,3.8,-37.4
823,BUF,"Gabriel Davis",WR,9.0,1.4%,7,6%,2.3,0,2.9,7.3,-37.5
824,DEN,"Jahdae Barron",DB,8.0,-4.6%,12,0%,1.6,2.9,2.3,3.3,-38
825,LVR,"Tyler Lockett",WR,8.0,-7.1%,8,37%,0.4,3.1,4.3,5.2,-38.2
826,ARI,"Greg Dortch",WR,9.0,-4.3%,8,14%,1.5,2.3,3.3,6.4,-38.2
827,PHI,"Jahan Dotson",WR,9.0,9.7%,9,20%,2,3.7,2.9,7,-38.4
828,ATL,"JD Bertrand",LB,9.0,5.6%,5,0%,0,4.1,1.7,3.4,-38.5
829,DAL,"Jalen Tolbert",WR,8.0,-4.7%,10,0%,2.4,2,3.7,7,-38.6
830,KC,"Noah Gray",TE,8.0,-6%,10,0%,3.7,2,4.2,7.5,-38.7
831,CIN,"Jermaine Burton",WR,8.0,9.3%,10,23%,1.4,0,2.6,9.2,-39
832,IND,"JT Tuimoloau",DL,8.0,-20.9%,11,0%,0.4,1.6,0.5,0.9,-39.1
833,BAL,"Chidobe Awuzie",DB,9.0,32%,7,0%,2,1.5,2,2,-39.2
834,BUF,"Dawson Knox",TE,9.0,9.4%,7,25%,2.7,3.3,3.1,7.6,-39.4
835,TB,"Kameron Johnson",WR,9.0,-3%,9,0%,1.6,,3.5,5.3,-39.5
836,MIN,"Adam Thielen",WR,9.0,11.7%,6,34%,1,1.2,4,4.8,-39.6
837,BUF,"Curtis Samuel",WR,9.0,1.4%,7,44%,2.2,2.7,3,5.9,-39.7
838,MIN,"Andrew Van Ginkel",DL,1.0,-28.8%,6,0%,0.5,5.2,0.5,0.5,-39.8
839,GB,"Savion Williams",WR,9.0,1.6%,5,0%,1.9,1.1,2.4,6.7,-40.4
840,ARI,"BJ Ojulari",LB,9.0,-15.1%,8,0%,1,1.9,1.9,2.9,-40.4
841,NE,"Austin Hooper",TE,8.0,5.9%,14,14%,3.4,3.1,4,6.8,-40.5
842,CLE,"Mohamoud Diabate",LB,9.0,3.6%,9,0%,2.1,,2.1,2.1,-40.5
843,LAR,"Darious Williams",DB,9.0,-8.3%,8,0%,1.1,2.6,1.7,2.3,-40.6
844,ARI,"Elijah Higgins",TE,9.0,7.8%,8,0%,2.3,3.6,3.1,7.3,-40.7
845,PHI,"Azeez Ojulari",DL,5.0,-19.2%,9,0%,0.3,1.3,0.3,0.3,-40.8
846,CAR,"Princely Umanmielen",DL,8.0,-1.2%,14,0%,0.2,1.5,0.3,0.8,-41.2
847,DAL,"Shemar James",LB,8.0,8.8%,10,0%,2.3,2.6,2.3,2.3,-41.4
848,NYJ,"Adonai Mitchell",WR,8.0,0.8%,9,12%,1.5,1.3,3.7,4.2,-41.5
849,WAS,"Darnell Savage",DB,8.0,-4.2%,12,18%,1.2,2.9,1.9,2.6,-41.5
850,TB,"Anthony Nelson",DL,1.0,17.8%,9,0%,0.3,2.8,0.3,0.3,-41.8
851,MIN,"Josh Oliver",TE,9.0,7%,6,6%,1.8,2.7,3.5,6.1,-42
852,LVR,"Jamal Adams",DB,9.0,-5.5%,8,24%,1.7,3.8,1.7,1.7,-42
853,KC,"Tyquan Thornton",WR,8.0,-4.3%,10,35%,2.3,1.3,3.1,5.8,-42.2
854,WAS,"Jordan Magee",LB,8.0,-4.2%,12,0%,2.1,,2.1,2.1,-42.2
855,PIT,"Marquez Valdes-Scantling",WR,8.0,1.5%,5,22%,1.9,0.5,2.5,5.4,-42.7
856,CAR,"Jimmy Horn Jr.",WR,8.0,-1.8%,14,0%,2.2,2.2,2.9,5.8,-43.4
857,ATL,"Jordan Fuller",DB,9.0,5.6%,5,6%,1.1,3.8,1.4,1.8,-43.5
858,SEA,"Ty Okada",DB,2.0,14.8%,8,0%,1.4,4.1,1.4,1.4,-43.9
859,NE,"Jahlani Tavai",LB,8.0,9.6%,14,0%,1.5,1.2,1.8,2.4,-44
860,SEA,"Jake Bobo",WR,8.0,-1.2%,8,0%,1.5,0.2,2.1,6.5,-44.1
861,NYJ,"John Metchie",WR,9.0,0.8%,9,8%,1,1.2,1.6,7.6,-44.1
862,NYJ,"Allen Lazard",WR,9.0,0.8%,9,19%,1.4,1.4,3,4.2,-44.2
863,NO,"Mason Tipton",WR,8.0,-9.9%,11,0%,1.8,0.8,2.5,6.3,-44.3
864,BAL,"Devontez Walker",WR,9.0,6.8%,7,6%,2,1,2.9,3.9,-44.4
865,NYG,"Beaux Collins",WR,8.0,8.3%,14,0%,1.6,,3.2,4.5,-44.8
866,KC,"Jalen Royals",WR,8.0,-4.3%,10,34%,1.4,0.3,3.4,4.5,-44.9
867,MIA,"Ifeatu Melifonwu",DB,8.0,9%,12,0%,1.4,4.5,1.4,1.4,-44.9
868,LAC,"KeAndre Lambert-Smith",WR,8.0,3.4%,12,0%,2,0.3,2.6,5.2,-45.4
869,SF,"Demarcus Robinson",WR,8.0,3.6%,14,0%,1.8,0.4,2.1,6.1,-45.7
870,KC,"Leo Chenal",LB,8.0,-15.7%,10,0%,1.1,3.2,1.5,2.2,-45.8
871,IND,"Mekhi Blackmon",DB,8.0,-20.9%,11,0%,1.4,,1.4,1.4,-45.8
872,NO,"Foster Moreau",TE,8.0,-3.4%,11,6%,2.7,1.1,3.4,5.8,-46
873,SEA,"Tyrice Knight",LB,9.0,14.8%,8,0%,1.1,3.2,1.4,1.8,-46.2
874,BUF,"Dorian Williams",LB,9.0,10.6%,7,0%,1,5.2,1.3,2,-46.4
875,WAS,"Jonathan Jones",DB,8.0,-4.2%,12,0%,0.8,1.4,1.2,1.6,-46.5
876,NO,"Danny Stutsman",LB,8.0,42.1%,11,0%,0,2.2,1.1,2.2,-46.5
877,SF,"Jake Tonges",TE,8.0,8.3%,14,0%,2.4,,2.7,6.8,-46.6
878,HOU,"Justin Watson",WR,9.0,-1.8%,6,9%,1.3,0,1.6,6.1,-46.6
879,DET,"Brock Wright",TE,9.0,2.4%,8,0%,2,2.5,2.5,6.3,-46.9
880,DAL,"Marist Liufau",LB,8.0,8.8%,10,0%,0.8,2.6,1.2,1.9,-47.4
881,SEA,"Ricky White",WR,9.0,-1.2%,8,0%,1.3,0,1.6,5.6,-47.6
882,MIA,"Cedrick Wilson",WR,7.0,7.5%,12,5%,1.1,0.4,1.5,3.3,-47.7
883,MIA,"Greg Dulcich",TE,8.0,14.2%,12,6%,1,1.2,3.8,4.9,-48.5
884,NYG,"Deonte Banks",DB,8.0,11.5%,14,0%,0.7,2.8,1,1.3,-48.5
885,HOU,"Harrison Bryant",TE,9.0,-2.7%,6,9%,1.4,0.7,1.7,7.3,-48.8
886,GB,"Bo Melton",WR,9.0,1.6%,5,25%,0.9,0,1.3,5.9,-49.1
887,BAL,"Trenton Simpson",LB,9.0,32%,7,0%,0.5,1.8,1,1.4,-49.1
888,DAL,"Jonathan Mingo",WR,8.0,-4.7%,10,8%,1.6,0.1,1.8,4.5,-49.3
889,GB,"Malik Heath",WR,9.0,1.6%,5,0%,0.9,1.1,1.4,5.5,-49.4
890,PHI,"Adoree' Jackson",DB,9.0,-19.2%,9,85%,0.8,2.3,0.8,0.8,-49.6
891,DAL,"Logan Wilson",LB,8.0,8.8%,10,32%,0.8,3.2,1,1.3,-49.8
892,PHI,"Jakorian Bennett",DB,9.0,-19.2%,9,0%,0.5,1.1,0.7,1.1,-50.1
893,SF,"Jordan Watkins",WR,8.0,3.6%,14,0%,1.1,0.6,1.5,5.3,-50.3
894,DAL,"Luke Schoonmaker",TE,8.0,-11.6%,10,10%,1.6,1.5,2.4,6.1,-50.7
895,GB,"Nate Hobbs",DB,9.0,-11.6%,5,0%,0.4,3.7,0.5,0.8,-51
896,IND,"Ashton Dulin",WR,8.0,-11%,11,0%,1,0.2,1.3,5.6,-51.1
897,CHI,"Jonathan Owens",DB,9.0,1.1%,5,0%,0.3,0.4,0.6,0.9,-51.3
898,LAC,"Troy Dye",LB,8.0,-24.2%,12,0%,0.4,2.9,0.8,1.2,-51.4
899,ARI,"Dadrion Taylor-Demerson",DB,9.0,-15.1%,8,0%,0.6,0.2,0.6,0.6,-51.5
900,JAC,"Antonio Johnson",DB,1.0,1.7%,8,0%,0.6,1.7,0.6,0.6,-51.5
901,PHI,"Kelee Ringo",DB,9.0,-19.2%,9,0%,0.5,,0.5,0.5,-51.5
902,JAC,"Tim Patrick",WR,9.0,-5.8%,8,6%,1.3,0.8,1.7,3.1,-51.9
903,LAC,"Will Dissly",TE,8.0,-2.3%,12,6%,2,1,2.4,5.2,-52.1
904,BUF,"Matt Prater",K,1.0,0.5%,7,0%,0.9,1.1,0.9,0.9,-52.1
905,PHI,"Grant Calcaterra",TE,9.0,-7.1%,9,0%,1.3,1.4,1.8,5.6,-52.2
906,NE,"Marte Mapu",LB,8.0,9.6%,14,0%,0.4,0.4,0.6,0.8,-52.4
907,SF,"Upton Stout",DB,1.0,16.1%,14,0%,0.5,2,0.5,0.5,-52.5
908,JAC,"Montaric Brown",DB,1.0,1.7%,8,0%,0.5,0.4,0.5,0.5,-52.5
909,LVR,"Darien Porter",DB,9.0,-5.5%,8,0%,0.4,2.4,0.4,0.4,-52.5
910,CHI,"Noah Sewell",LB,9.0,1.1%,5,0%,0.6,3.9,0.6,0.6,-52.6
911,PHI,"Nakobe Dean",LB,1.0,-19.2%,9,36%,0.5,6.1,0.5,0.5,-52.6
912,LAC,"Derius Davis",WR,8.0,3.4%,12,0%,1.1,0.2,1.5,3.8,-52.8
913,TB,"Ryan Miller",WR,9.0,-3%,9,0%,0.6,0.2,1,4.3,-52.8
914,PHI,"Jaire Alexander",DB,9.0,-19.2%,9,95%,0.3,3.4,0.4,0.8,-52.8
915,MIA,"Riley Patterson",K,1.0,9.8%,12,0%,0.9,0.5,0.9,0.9,-52.9
916,PIT,"Malik Harrison",LB,9.0,2.2%,5,0%,0.2,2.2,0.4,0.6,-53.2
917,CLE,"Michael Woods II",WR,9.0,8.9%,9,0%,0.7,0,1,3.9,-53.4
918,IND,"Joe Bachie",LB,8.0,-20.9%,11,0%,0.5,,0.5,0.5,-53.5
919,MIA,"Jason Marshall",DB,8.0,9%,12,0%,0.4,1.8,0.4,0.4,-53.5
920,SF,"Jason Pinnock",DB,8.0,16.1%,14,0%,0.4,2.1,0.4,0.4,-53.5
921,SF,"Nick Martin",LB,8.0,16.1%,14,0%,0.2,2.2,0.3,0.8,-53.5
922,DET,"Dominic Lovett",WR,9.0,10.7%,8,0%,0.7,0,1,3.7,-53.8
923,BUF,"Kaden Prather",WR,9.0,1.4%,7,14%,0.6,0,0.9,4.1,-53.8
924,ATL,"Casey Washington",WR,8.0,-1.3%,5,0%,0.7,1.3,1,3.6,-54.1
925,MIN,"Ivan Pace Jr.",LB,9.0,-28.8%,6,0%,0.2,5.1,0.3,0.4,-54.2
926,HOU,"Christian Harris",LB,9.0,-1.9%,6,0%,0.2,1.1,0.3,0.4,-54.2
927,LAR,"Troy Reeder",LB,9.0,-8.3%,8,0%,0.2,1.1,0.3,0.5,-54.2
928,CIN,"Drew Sample",TE,8.0,4.9%,10,11%,1.9,1.1,2.3,4.4,-54.4
929,PIT,"Jabrill Peppers",DB,9.0,2.2%,5,14%,0.2,2.3,0.3,0.4,-54.4
930,PIT,"Chuck Clark",DB,1.0,2.2%,5,0%,0.3,2,0.3,0.3,-54.4
931,PIT,"Juan Thornhill",DB,9.0,2.2%,5,0%,0.2,5,0.2,0.2,-54.4
932,BUF,"Dorian Strong",DB,9.0,10.6%,7,0%,0.2,,0.2,0.2,-54.4
933,ARI,"Cody Simon",LB,9.0,-15.1%,8,0%,0.1,0.7,0.2,0.5,-54.6
934,LAR,"Konata Mumpfield",WR,9.0,-3.3%,8,0%,0.6,0.5,0.9,3.6,-54.7
935,ATL,"KhaDarel Hodge",WR,9.0,-1.3%,5,0%,1.5,0.8,1.5,1.5,-54.8
936,CAR,"Kobe Hudson",WR,8.0,-1.8%,14,0%,0.8,0,1,3.9,-54.8
937,JAC,"Johnny Mundt",TE,9.0,5.2%,8,0%,1.6,0.9,1.9,3.8,-55
938,MIA,"Dante Trader Jr.",DB,1.0,9%,12,0%,0.2,,0.2,0.2,-55.4
939,NYJ,"Jeremy Ruckert",TE,9.0,4.4%,9,0%,1.3,2,1.6,4.5,-55.7
940,WAS,"Ben Sinnott",TE,8.0,-3.7%,12,11%,1.8,1,2,4,-56
941,LAR,"Colby Parkinson",TE,9.0,0.3%,8,0%,1.4,1.1,1.6,4.2,-56.3
942,LAC,"Tyler Conklin",TE,8.0,-2.3%,12,8%,1.7,1.2,2.3,3.5,-56.4
943,PHI,"Kylen Granson",TE,9.0,-7.1%,9,8%,1,0.8,1.3,4.5,-56.4
944,BUF,"Jackson Hawes",TE,9.0,9.4%,7,0%,1,1.1,1.2,4.8,-56.4
945,BAL,"Charlie Kolar",TE,9.0,23.8%,7,8%,1,2.2,1.4,4.2,-56.6
946,DAL,"Jalen Brooks",WR,8.0,-4.7%,10,0%,0.7,0,1,2.7,-56.9
947,DEN,"Adam Trautman",TE,8.0,-2.5%,12,13%,1.2,2,1.6,4.5,-57.1
948,LVR,"DJ Turner",WR,9.0,-7.1%,8,0%,0.6,0.7,0.9,2.3,-57.3
949,KC,"Jake Briningstool",TE,8.0,-6%,10,0%,0.7,,1,6,-57.4
950,IND,"Tyler Scott",WR,8.0,-11%,11,0%,0.7,0.9,0.9,2.7,-57.5
951,CIN,"Joe Burrow",QB,2.0,9.4%,10,26%,5.3,8.3,5.3,5.3,-57.6
952,MIA,"Tanner Conner",TE,8.0,14.2%,12,0%,1.5,,2.2,2.6,-58.7
953,HOU,"Cade Stover",TE,8.0,-2.7%,6,76%,1.9,0.7,1.9,1.9,-58.7
954,CAR,"Hunter Renfrow",WR,8.0,-1.8%,14,82%,0.7,0.1,1,1.5,-59.2
955,TB,"Devin Culp",TE,9.0,-5.7%,9,0%,0.7,0.5,1.1,3.9,-59.5
956,CIN,"Tanner McLachlan",TE,8.0,4.9%,10,0%,1,0,1.3,4.4,-59.6
957,MIA,"Julian Hill",TE,8.0,14.2%,12,0%,0.9,1.9,1.5,3.7,-59.7
958,DEN,"Nate Adkins",TE,8.0,-2.5%,12,0%,1,1.3,1.4,3.6,-60.3
959,IND,"Mo Alie-Cox",TE,8.0,2.9%,11,10%,1.8,0.6,1.8,1.8,-60.5
960,KC,"Jared Wiley",TE,8.0,-6%,10,0%,0.6,0.5,1,4.5,-60.5
961,TB,"Payne Durham",TE,9.0,-5.7%,9,0%,0.5,0.7,0.8,3.5,-60.7
962,ATL,"Charlie Woerner",TE,9.0,13.5%,5,0%,0.7,0.5,1.1,3.3,-60.8
963,GB,"Josh Whyle",TE,9.0,-1.4%,5,0%,0.8,0.9,1,3.3,-61.1
964,CAR,"Mitchell Evans",TE,8.0,-2.4%,14,0%,1,1.2,1.3,2.9,-61.3
965,NYG,"Antwane Wells Jr.",WR,8.0,8.3%,14,0%,0.4,0,0.7,0.8,-61.3
966,WAS,"John Bates",TE,8.0,-3.7%,12,0%,1,1.6,1.3,3.3,-61.8
967,SF,"Skyy Moore",WR,8.0,3.6%,14,31%,0.5,0.2,0.6,1.2,-62
968,IND,"Will Mallory",TE,8.0,2.9%,11,0%,0.6,0.4,0.9,4.1,-62.1
969,IND,"Andrew Ogletree",TE,8.0,2.9%,11,0%,0.6,0.6,0.9,3.9,-62.4
970,DAL,"Brevyn Spann-Ford",TE,8.0,-11.6%,10,0%,0.7,0.5,0.9,3.4,-63.1
971,NO,"Moliki Matavao",TE,7.0,-3.4%,11,0%,0,0,0.6,0.7,-63.5
972,WAS,"Treylon Burks",WR,1.0,-1.1%,12,29%,0.4,1.3,0.4,0.4,-63.5
973,JAC,"Austin Trammell",WR,1.0,-5.8%,8,0%,0.3,1,0.3,0.3,-63.5
974,ATL,"David Sills V",WR,1.0,-1.3%,5,0%,0.2,,0.2,0.2,-64.3
975,LAR,"Xavier Smith",WR,1.0,-3.3%,8,0%,0.2,,0.2,0.2,-64.3
976,NYG,"Thomas Fidone II",TE,8.0,4.6%,14,0%,0.5,0.2,0.6,3,-64.8
977,MIN,"Tai Felton",WR,9.0,11.7%,6,0%,0.1,0.3,0.1,0.2,-64.8
978,SEA,"Cody White",WR,1.0,-1.2%,8,0%,0.1,,0.1,0.1,-65.1
979,MIN,"Gavin Bartholomew",TE,9.0,7%,6,0%,0.5,1.2,0.7,2.5,-65.2
980,CHI,"Durham Smythe",TE,9.0,-0.9%,5,8%,0.5,0.1,0.7,1.8,-65.5
981,PIT,"Connor Heyward",TE,9.0,3.8%,5,0%,0.5,0.7,0.7,2.2,-65.7
982,SEA,"Robbie Ouzts",TE,9.0,-0.7%,8,0%,0.6,0,0.7,2.1,-65.9
983,GB,"John FitzPatrick",TE,1.0,-1.4%,5,0%,0.2,2.1,0.2,0.2,-72.2
984,HOU,"Luke Lachey",TE,9.0,-2.7%,6,0%,0.1,0,0.1,0.5,-72.2
985,ATL,"Joshua Simon",TE,9.0,13.5%,5,0%,0.1,,0.1,0.5,-72.2
986,ARI,"Jacoby Brissett",QB,4.0,0.5%,8,6%,6.4,2.9,6.9,9.3,-73.3
987,HOU,"Davis Mills",QB,1.0,-4%,6,6%,1.5,0.6,1.5,1.5,-75.3
988,CLE,"Shedeur Sanders",QB,2.0,7.5%,9,18%,0,2,-0,-0,-83.2
989,MIA,"Quinn Ewers",QB,1.0,11%,12,22%,0,0.6,0,0,-83.2
