Stat_Category,Team,Value,Source
QB Pass Yards,Lions,326.33,CBS Yds
QB Pass Yards,Colts,291.0,CBS Yds
QB Pass Yards,Commanders,287.0,CBS Yds
QB Pass Yards,Bengals,287.0,CBS Yds
QB Pass Yards,Bills,275.67,CBS Yds
QB Pass Yards,Falcons,273.33,CBS Yds
QB Pass Yards,Vikings,265.33,CBS Yds
QB Pass Yards,Texans,258.67,CBS Yds
QB Pass Yards,Broncos,254.33,CBS Yds
QB Pass Yards,Browns,254.25,CBS Yds
QB Pass Yards,Cardinals,247.0,CBS Yds
QB Pass Yards,Chargers,244.67,CBS Yds
QB Pass Yards,Jaguars,240.67,CBS Yds
QB Pass Yards,Ravens,231.33,CBS Yds
QB Pass Yards,Dolphins,231.0,CBS Yds
QB Pass Yards,Saints,229.67,CBS Yds
QB Pass Yards,Giants,227.67,CBS Yds
QB Pass Yards,Steelers,225.25,CBS Yds
QB Pass Yards,Raiders,222.33,CBS Yds
QB Pass Yards,Buccaneers,220.0,CBS Yds
QB Pass Yards,Bears,219.0,CBS Yds
QB Pass Yards,Packers,218.0,CBS Yds
QB Pass Yards,49ers,215.0,CBS Yds
QB Pass Yards,Cowboys,207.67,CBS Yds
QB Pass Yards,Titans,199.0,CBS Yds
QB Pass Yards,Eagles,198.0,CBS Yds
QB Pass Yards,Patriots,189.67,CBS Yds
QB Pass Yards,Panthers,186.0,CBS Yds
QB Pass Yards,Jets,184.67,CBS Yds
QB Pass Yards,Chiefs,183.67,CBS Yds
QB Pass Yards,Rams,174.0,CBS Yds
QB Pass Yards,Seahawks,152.0,CBS Yds
RB Rush Yards,Panthers,144.67,CBS Yds
RB Rush Yards,Broncos,129.67,CBS Yds
RB Rush Yards,Packers,126.33,CBS Yds
RB Rush Yards,Saints,115.67,CBS Yds
RB Rush Yards,Cowboys,114.33,CBS Yds
RB Rush Yards,Colts,114.0,CBS Yds
RB Rush Yards,Eagles,110.33,CBS Yds
RB Rush Yards,Titans,107.67,CBS Yds
RB Rush Yards,Chargers,103.67,CBS Yds
RB Rush Yards,Browns,102.5,CBS Yds
RB Rush Yards,Cardinals,100.33,CBS Yds
RB Rush Yards,Giants,99.33,CBS Yds
RB Rush Yards,49ers,98.33,CBS Yds
RB Rush Yards,Steelers,98.25,CBS Yds
RB Rush Yards,Dolphins,97.67,CBS Yds
RB Rush Yards,Bears,95.33,CBS Yds
RB Rush Yards,Patriots,92.33,CBS Yds
RB Rush Yards,Bills,91.67,CBS Yds
RB Rush Yards,Raiders,88.33,CBS Yds
RB Rush Yards,Lions,87.0,CBS Yds
RB Rush Yards,Ravens,86.67,CBS Yds
RB Rush Yards,Rams,80.33,CBS Yds
RB Rush Yards,Jets,78.33,CBS Yds
RB Rush Yards,Texans,77.0,CBS Yds
RB Rush Yards,Bengals,68.33,CBS Yds
RB Rush Yards,Chiefs,68.0,CBS Yds
RB Rush Yards,Vikings,66.67,CBS Yds
RB Rush Yards,Seahawks,65.33,CBS Yds
RB Rush Yards,Jaguars,57.67,CBS Yds
RB Rush Yards,Commanders,56.0,CBS Yds
RB Rush Yards,Buccaneers,55.0,CBS Yds
RB Rush Yards,Falcons,48.0,CBS Yds
RB Rec,Buccaneers,6.33,CBS Yds
RB Rec,Bills,6.0,CBS Yds
RB Rec,Bengals,6.0,CBS Yds
RB Rec,Rams,6.0,CBS Yds
RB Rec,49ers,5.67,CBS Yds
RB Rec,Broncos,5.33,CBS Yds
RB Rec,Jaguars,5.33,CBS Yds
RB Rec,Steelers,5.25,CBS Yds
RB Rec,Dolphins,5.0,CBS Yds
RB Rec,Lions,5.0,CBS Yds
RB Rec,Panthers,4.67,CBS Yds
RB Rec,Saints,4.67,CBS Yds
RB Rec,Jets,4.67,CBS Yds
RB Rec,Ravens,4.67,CBS Yds
RB Rec,Seahawks,4.67,CBS Yds
RB Rec,Falcons,4.67,CBS Yds
RB Rec,Colts,4.33,CBS Yds
RB Rec,Browns,4.25,CBS Yds
RB Rec,Cowboys,4.0,CBS Yds
RB Rec,Giants,4.0,CBS Yds
RB Rec,Patriots,4.0,CBS Yds
RB Rec,Chargers,4.0,CBS Yds
RB Rec,Raiders,4.0,CBS Yds
RB Rec,Commanders,4.0,CBS Yds
RB Rec,Chiefs,3.67,CBS Yds
RB Rec,Vikings,3.67,CBS Yds
RB Rec,Titans,3.33,CBS Yds
RB Rec,Packers,3.0,CBS Yds
RB Rec,Bears,3.0,CBS Yds
RB Rec,Texans,3.0,CBS Yds
RB Rec,Eagles,2.67,CBS Yds
RB Rec,Cardinals,2.0,CBS Yds
RB Rec Yards,Bengals,47.0,CBS Yds
RB Rec Yards,Bills,45.0,CBS Yds
RB Rec Yards,Colts,43.67,CBS Yds
RB Rec Yards,Broncos,43.67,CBS Yds
RB Rec Yards,Dolphins,40.67,CBS Yds
RB Rec Yards,Jaguars,40.67,CBS Yds
RB Rec Yards,Steelers,40.0,CBS Yds
RB Rec Yards,Buccaneers,40.0,CBS Yds
RB Rec Yards,Bears,38.0,CBS Yds
RB Rec Yards,Saints,36.33,CBS Yds
RB Rec Yards,Jets,36.0,CBS Yds
RB Rec Yards,Patriots,36.0,CBS Yds
RB Rec Yards,Panthers,34.0,CBS Yds
RB Rec Yards,Rams,33.67,CBS Yds
RB Rec Yards,Commanders,33.33,CBS Yds
RB Rec Yards,49ers,31.67,CBS Yds
RB Rec Yards,Packers,30.33,CBS Yds
RB Rec Yards,Seahawks,30.33,CBS Yds
RB Rec Yards,Vikings,30.33,CBS Yds
RB Rec Yards,Raiders,29.67,CBS Yds
RB Rec Yards,Chargers,27.67,CBS Yds
RB Rec Yards,Giants,26.0,CBS Yds
RB Rec Yards,Titans,25.67,CBS Yds
RB Rec Yards,Chiefs,25.67,CBS Yds
RB Rec Yards,Cowboys,22.33,CBS Yds
RB Rec Yards,Browns,21.75,CBS Yds
RB Rec Yards,Lions,20.0,CBS Yds
RB Rec Yards,Falcons,20.0,CBS Yds
RB Rec Yards,Cardinals,17.0,CBS Yds
RB Rec Yards,Ravens,12.0,CBS Yds
RB Rec Yards,Texans,11.33,CBS Yds
RB Rec Yards,Eagles,10.67,CBS Yds
WR Rec,Commanders,15.33,CBS Yds
WR Rec,Ravens,14.67,CBS Yds
WR Rec,Falcons,14.33,CBS Yds
WR Rec,Lions,14.0,CBS Yds
WR Rec,Bills,13.33,CBS Yds
WR Rec,Packers,12.67,CBS Yds
WR Rec,Titans,12.67,CBS Yds
WR Rec,Texans,12.33,CBS Yds
WR Rec,Giants,12.33,CBS Yds
WR Rec,Patriots,12.33,CBS Yds
WR Rec,Eagles,12.0,CBS Yds
WR Rec,Vikings,12.0,CBS Yds
WR Rec,Jets,11.33,CBS Yds
WR Rec,Browns,11.25,CBS Yds
WR Rec,Chargers,11.0,CBS Yds
WR Rec,Steelers,11.0,CBS Yds
WR Rec,Colts,10.67,CBS Yds
WR Rec,Jaguars,10.67,CBS Yds
WR Rec,Cowboys,10.67,CBS Yds
WR Rec,49ers,10.67,CBS Yds
WR Rec,Bengals,10.33,CBS Yds
WR Rec,Dolphins,10.33,CBS Yds
WR Rec,Seahawks,10.33,CBS Yds
WR Rec,Chiefs,10.33,CBS Yds
WR Rec,Saints,10.0,CBS Yds
WR Rec,Panthers,10.0,CBS Yds
WR Rec,Cardinals,9.67,CBS Yds
WR Rec,Bears,9.67,CBS Yds
WR Rec,Buccaneers,9.33,CBS Yds
WR Rec,Rams,9.0,CBS Yds
WR Rec,Broncos,9.0,CBS Yds
WR Rec,Raiders,9.0,CBS Yds
WR Rec Yards,Falcons,201.33,CBS Yds
WR Rec Yards,Bills,192.0,CBS Yds
WR Rec Yards,Commanders,191.0,CBS Yds
WR Rec Yards,Lions,189.33,CBS Yds
WR Rec Yards,Colts,179.33,CBS Yds
WR Rec Yards,Texans,176.33,CBS Yds
WR Rec Yards,Jaguars,175.67,CBS Yds
WR Rec Yards,Ravens,173.33,CBS Yds
WR Rec Yards,Browns,172.0,CBS Yds
WR Rec Yards,Vikings,170.67,CBS Yds
WR Rec Yards,Cardinals,167.67,CBS Yds
WR Rec Yards,Chargers,159.33,CBS Yds
WR Rec Yards,Eagles,157.67,CBS Yds
WR Rec Yards,Titans,157.33,CBS Yds
WR Rec Yards,Giants,155.67,CBS Yds
WR Rec Yards,Packers,155.67,CBS Yds
WR Rec Yards,Steelers,148.5,CBS Yds
WR Rec Yards,Broncos,144.33,CBS Yds
WR Rec Yards,Raiders,142.0,CBS Yds
WR Rec Yards,Bengals,140.33,CBS Yds
WR Rec Yards,Bears,138.33,CBS Yds
WR Rec Yards,49ers,132.67,CBS Yds
WR Rec Yards,Cowboys,129.33,CBS Yds
WR Rec Yards,Patriots,125.67,CBS Yds
WR Rec Yards,Dolphins,120.33,CBS Yds
WR Rec Yards,Buccaneers,119.0,CBS Yds
WR Rec Yards,Rams,115.67,CBS Yds
WR Rec Yards,Jets,115.0,CBS Yds
WR Rec Yards,Chiefs,115.0,CBS Yds
WR Rec Yards,Panthers,111.67,CBS Yds
WR Rec Yards,Saints,110.0,CBS Yds
WR Rec Yards,Seahawks,95.0,CBS Yds
TE Rec,Lions,9.67,CBS Yds
TE Rec,Saints,8.33,CBS Yds
TE Rec,Bengals,7.67,CBS Yds
TE Rec,Raiders,6.67,CBS Yds
TE Rec,Colts,6.67,CBS Yds
TE Rec,49ers,6.67,CBS Yds
TE Rec,Broncos,6.33,CBS Yds
TE Rec,Browns,6.25,CBS Yds
TE Rec,Falcons,6.0,CBS Yds
TE Rec,Texans,6.0,CBS Yds
TE Rec,Giants,6.0,CBS Yds
TE Rec,Cowboys,5.67,CBS Yds
TE Rec,Buccaneers,5.67,CBS Yds
TE Rec,Chiefs,5.67,CBS Yds
TE Rec,Cardinals,5.33,CBS Yds
TE Rec,Chargers,5.33,CBS Yds
TE Rec,Dolphins,5.0,CBS Yds
TE Rec,Commanders,4.67,CBS Yds
TE Rec,Seahawks,4.67,CBS Yds
TE Rec,Bills,4.67,CBS Yds
TE Rec,Ravens,4.33,CBS Yds
TE Rec,Packers,4.33,CBS Yds
TE Rec,Panthers,4.0,CBS Yds
TE Rec,Bears,4.0,CBS Yds
TE Rec,Jets,4.0,CBS Yds
TE Rec,Titans,3.67,CBS Yds
TE Rec,Eagles,3.67,CBS Yds
TE Rec,Vikings,3.33,CBS Yds
TE Rec,Rams,3.33,CBS Yds
TE Rec,Patriots,3.33,CBS Yds
TE Rec,Steelers,3.25,CBS Yds
TE Rec,Jaguars,2.67,CBS Yds
TE Rec Yards,Lions,117.0,CBS Yds
TE Rec Yards,Bengals,99.67,CBS Yds
TE Rec Yards,Saints,83.33,CBS Yds
TE Rec Yards,Texans,71.0,CBS Yds
TE Rec Yards,Dolphins,70.0,CBS Yds
TE Rec Yards,Colts,68.0,CBS Yds
TE Rec Yards,Commanders,67.33,CBS Yds
TE Rec Yards,Broncos,66.33,CBS Yds
TE Rec Yards,Cardinals,62.33,CBS Yds
TE Rec Yards,Buccaneers,61.0,CBS Yds
TE Rec Yards,Vikings,61.0,CBS Yds
TE Rec Yards,Browns,60.5,CBS Yds
TE Rec Yards,Chargers,57.33,CBS Yds
TE Rec Yards,Cowboys,56.0,CBS Yds
TE Rec Yards,Falcons,52.0,CBS Yds
TE Rec Yards,Raiders,50.67,CBS Yds
TE Rec Yards,49ers,50.67,CBS Yds
TE Rec Yards,Ravens,46.0,CBS Yds
TE Rec Yards,Giants,46.0,CBS Yds
TE Rec Yards,Chiefs,43.0,CBS Yds
TE Rec Yards,Bears,42.67,CBS Yds
TE Rec Yards,Panthers,40.33,CBS Yds
TE Rec Yards,Bills,38.67,CBS Yds
TE Rec Yards,Steelers,36.75,CBS Yds
TE Rec Yards,Jets,33.67,CBS Yds
TE Rec Yards,Packers,32.0,CBS Yds
TE Rec Yards,Jaguars,29.67,CBS Yds
TE Rec Yards,Eagles,29.67,CBS Yds
TE Rec Yards,Patriots,28.0,CBS Yds
TE Rec Yards,Seahawks,26.67,CBS Yds
TE Rec Yards,Rams,24.0,CBS Yds
TE Rec Yards,Titans,16.0,CBS Yds
