player,team,position,depth
Jacoby Brissett,ARI,QB,1
Kedon Slovis,ARI,QB,2
Michael Carter,ARI,RB,1
Emari Demercado,ARI,RB,2
Bam Knight,ARI,RB,3
Andre Baccellia,ARI,WR,1
Greg Dortch,ARI,WR,2
Marvin Harrison Jr.,ARI,WR,3
Xavier Weaver,ARI,WR,4
Michael Wilson,ARI,WR,5
Pharaoh Brown,ARI,TE,1
Josiah Deguara,ARI,TE,2
Elijah Higgins,ARI,TE,3
Trey McBride,ARI,TE,4
Kyler Murray,ARI,QB,3
Trey Benson,ARI,RB,4
James Conner,ARI,RB,5
Simi Fehoko,ARI,WR,6
Zay Jones,ARI,WR,7
Tip Reiman,ARI,TE,5
Travis Vokolek,ARI,TE,6
Jeff Driskel,ARI,QB,4
Jermar Jefferson,ARI,RB,6
Jalen Brooks,ARI,WR,8
Tejhaun Palmer,ARI,WR,9
Jalen Virgil,ARI,WR,10
Messiah Swinson,ARI,TE,7
Kirk Cousins,ATL,QB,1
Michael Penix Jr.,ATL,QB,2
Tyler Allgeier,ATL,RB,1
Nathan Carter,ATL,RB,2
Bijan Robinson,ATL,RB,3
Jamal Agnew,ATL,WR,1
KhaDarel Hodge,ATL,WR,2
Drake London,ATL,WR,3
Darnell Mooney,ATL,WR,4
David Sills V,ATL,WR,5
Casey Washington,ATL,WR,6
Feleipe Franks,ATL,TE,1
Kyle Pitts Sr.,ATL,TE,2
Teagan Quitoriano,ATL,TE,3
Charlie Woerner,ATL,TE,4
Emory Jones,ATL,QB,3
Easton Stick,ATL,QB,4
Carlos Washington Jr.,ATL,RB,4
Chris Blair,ATL,WR,7
Dylan Drummond,ATL,WR,8
Nick Nash,ATL,WR,9
Deven Thompkins,ATL,WR,10
Joshua Simon,ATL,TE,5
Tyler Huntley,BAL,QB,1
Lamar Jackson,BAL,QB,2
Cooper Rush,BAL,QB,3
Rasheen Ali,BAL,RB,1
Derrick Henry,BAL,RB,2
Justice Hill,BAL,RB,3
Keaton Mitchell,BAL,RB,4
Rashod Bateman,BAL,WR,1
Zay Flowers,BAL,WR,2
DeAndre Hopkins,BAL,WR,3
Devontez Walker,BAL,WR,4
Tylan Wallace,BAL,WR,5
LaJohntay Wester,BAL,WR,6
Mark Andrews,BAL,TE,1
Charlie Kolar,BAL,TE,2
Isaiah Likely,BAL,TE,3
Dayton Wade,BAL,WR,7
Cornelius Johnson,BAL,WR,8
Keith Kirkwood,BAL,WR,9
Scotty Washington,BAL,TE,4
Josh Allen,BUF,QB,1
Mitchell Trubisky,BUF,QB,2
James Cook III,BUF,RB,1
Ray Davis,BUF,RB,2
Ty Johnson,BUF,RB,3
Keon Coleman,BUF,WR,1
Elijah Moore,BUF,WR,2
Joshua Palmer,BUF,WR,3
Curtis Samuel,BUF,WR,4
Khalil Shakir,BUF,WR,5
Tyrell Shavers,BUF,WR,6
Jackson Hawes,BUF,TE,1
Dalton Kincaid,BUF,TE,2
Dawson Knox,BUF,TE,3
Shane Buechele,BUF,QB,3
Frank Gore Jr.,BUF,RB,4
Gabe Davis,BUF,WR,7
Stephen Gosnell,BUF,WR,8
Mecole Hardman,BUF,WR,9
Keleki Latu,BUF,TE,4
Andy Dalton,CAR,QB,1
Bryce Young,CAR,QB,2
Rico Dowdle,CAR,RB,1
Trevor Etienne,CAR,RB,2
Chuba Hubbard,CAR,RB,3
Jalen Coker,CAR,WR,1
Jimmy Horn Jr.,CAR,WR,2
Xavier Legette,CAR,WR,3
Tetairoa McMillan,CAR,WR,4
Hunter Renfrow,CAR,WR,5
Brycen Tremayne,CAR,WR,6
Mitchell Evans,CAR,TE,1
James Mitchell,CAR,TE,2
Ja'Tavion Sanders,CAR,TE,3
Tommy Tremble,CAR,TE,4
Jonathon Brooks,CAR,RB,4
David Moore,CAR,WR,7
Mike White,CAR,QB,3
DeeJay Dallas,CAR,RB,5
Anthony Tyus III,CAR,RB,6
Dan Chisena,CAR,WR,8
Ja'seem Reed,CAR,WR,9
Ainias Smith,CAR,WR,10
Bryce Pierre,CAR,TE,5
Tyson Bagent,CHI,QB,1
Case Keenum,CHI,QB,2
Caleb Williams,CHI,QB,3
Travis Homer,CHI,RB,1
Roschon Johnson,CHI,RB,2
Kyle Monangai,CHI,RB,3
D'Andre Swift,CHI,RB,4
Luther Burden III,CHI,WR,1
Devin Duvernay,CHI,WR,2
DJ Moore,CHI,WR,3
Rome Odunze,CHI,WR,4
Jahdae Walker,CHI,WR,5
Olamide Zaccheaus,CHI,WR,6
Cole Kmet,CHI,TE,1
Colston Loveland,CHI,TE,2
Durham Smythe,CHI,TE,3
Deion Hankins,CHI,RB,5
Brittain Brown,CHI,RB,6
Maurice Alexander,CHI,WR,7
JP Richardson,CHI,WR,8
Stephen Carlson,CHI,TE,4
Nikola Kalinic,CHI,TE,5
Jake Browning,CIN,QB,1
Sean Clifford,CIN,QB,2
Joe Flacco,CIN,QB,3
Tahj Brooks,CIN,RB,1
Chase Brown,CIN,RB,2
Kendall Milton,CIN,RB,3
Samaje Perine,CIN,RB,4
Jermaine Burton,CIN,WR,1
Ja'Marr Chase,CIN,WR,2
Tee Higgins,CIN,WR,3
Andrei Iosivas,CIN,WR,4
Charlie Jones,CIN,WR,5
Mitchell Tinsley,CIN,WR,6
Noah Fant,CIN,TE,1
Cam Grandy,CIN,TE,2
Tanner Hudson,CIN,TE,3
Drew Sample,CIN,TE,4
Joe Burrow,CIN,QB,4
Erick All Jr.,CIN,TE,5
Mike Gesicki,CIN,TE,6
Gary Brightwell,CIN,RB,5
Jordan Moore,CIN,WR,7
Kendric Pryor,CIN,WR,8
Dillon Gabriel,CLE,QB,1
Shedeur Sanders,CLE,QB,2
Jerome Ford,CLE,RB,1
Quinshon Judkins,CLE,RB,2
Dylan Sampson,CLE,RB,3
Raheim Sanders,CLE,RB,4
Isaiah Bond,CLE,WR,1
Malachi Corley,CLE,WR,2
Kaden Davis,CLE,WR,3
Jerry Jeudy,CLE,WR,4
Gage Larvadain,CLE,WR,5
Jamari Thrash,CLE,WR,6
Cedric Tillman,CLE,WR,7
Brenden Bates,CLE,TE,1
Harold Fannin Jr.,CLE,TE,2
David Njoku,CLE,TE,3
Blake Whiteheart,CLE,TE,4
Deshaun Watson,CLE,QB,3
DeAndre Carter,CLE,WR,8
Bailey Zappe,CLE,QB,4
Luke Floriea,CLE,WR,9
Sal Cannella,CLE,TE,5
Caden Prieskorn,CLE,TE,6
Joe Milton III,DAL,QB,1
Dak Prescott,DAL,QB,2
Jaydon Blue,DAL,RB,1
Hunter Luepke,DAL,RB,2
Javonte Williams,DAL,RB,3
Ryan Flournoy,DAL,WR,1
CeeDee Lamb,DAL,WR,2
Jonathan Mingo,DAL,WR,3
George Pickens,DAL,WR,4
Jalen Tolbert,DAL,WR,5
KaVontae Turpin,DAL,WR,6
Jake Ferguson,DAL,TE,1
Luke Schoonmaker,DAL,TE,2
Brevyn Spann-Ford,DAL,TE,3
Phil Mafah,DAL,RB,4
Miles Sanders,DAL,RB,5
John Stephens Jr.,DAL,TE,4
Will Grier,DAL,QB,3
Malik Davis,DAL,RB,6
Parris Campbell,DAL,WR,7
Jalen Cropper,DAL,WR,8
Traeshon Holden,DAL,WR,9
Rivaldo Fairweather,DAL,TE,5
Princeton Fant,DAL,TE,6
Bo Nix,DEN,QB,1
Jarrett Stidham,DEN,QB,2
Tyler Badie,DEN,RB,1
J.K. Dobbins,DEN,RB,2
RJ Harvey,DEN,RB,3
Jaleel McLaughlin,DEN,RB,4
Pat Bryant,DEN,WR,1
Troy Franklin,DEN,WR,2
Lil'Jordan Humphrey,DEN,WR,3
Marvin Mims Jr.,DEN,WR,4
Trent Sherfield Sr.,DEN,WR,5
Courtland Sutton,DEN,WR,6
Nate Adkins,DEN,TE,1
Evan Engram,DEN,TE,2
Marcedes Lewis,DEN,TE,3
Adam Trautman,DEN,TE,4
Lucas Krull,DEN,TE,5
Sam Ehlinger,DEN,QB,3
Deuce Vaughn,DEN,RB,5
Michael Bandy,DEN,WR,7
A.T. Perry,DEN,WR,8
Kyrese Rowan,DEN,WR,9
Caleb Lohner,DEN,TE,6
Patrick Murtagh,DEN,TE,7
Kyle Allen,DET,QB,1
Jared Goff,DET,QB,2
Jahmyr Gibbs,DET,RB,1
Justin Jackson,DET,RB,2
David Montgomery,DET,RB,3
Craig Reynolds,DET,RB,4
Jacob Saylors,DET,RB,5
Sione Vaki,DET,RB,6
Dominic Lovett,DET,WR,1
Kalif Raymond,DET,WR,2
Amon-Ra St. Brown,DET,WR,3
Isaac TeSlaa,DET,WR,4
Jameson Williams,DET,WR,5
Ross Dwelley,DET,TE,1
Sam LaPorta,DET,TE,2
Brock Wright,DET,TE,3
Kye Robichaux,DET,RB,7
Shane Zylstra,DET,TE,4
C.J. Beathard,DET,QB,3
Malik Cunningham,DET,WR,6
Tom Kennedy,DET,WR,7
Jackson Meeks,DET,WR,8
Anthony Firkser,DET,TE,5
Zach Horton,DET,TE,6
Jordan Love,GB,QB,1
Malik Willis,GB,QB,2
Chris Brooks,GB,RB,1
Josh Jacobs,GB,RB,2
Emanuel Wilson,GB,RB,3
Romeo Doubs,GB,WR,1
Matthew Golden,GB,WR,2
Malik Heath,GB,WR,3
Christian Watson,GB,WR,4
Dontayvion Wicks,GB,WR,5
Savion Williams,GB,WR,6
John FitzPatrick,GB,TE,1
Luke Musgrave,GB,TE,2
Josh Whyle,GB,TE,3
MarShawn Lloyd,GB,RB,4
Jayden Reed,GB,WR,7
Tucker Kraft,GB,TE,4
Clayton Tune,GB,QB,3
Pierre Strong Jr.,GB,RB,5
Jakobie Keeney-James,GB,WR,8
Isaiah Neyor,GB,WR,9
Will Sheppard,GB,WR,10
Michael Woods II,GB,WR,11
McCallan Castles,GB,TE,5
Drake Dabney,GB,TE,6
Graham Mertz,HOU,QB,1
Davis Mills,HOU,QB,2
C.J. Stroud,HOU,QB,3
British Brooks,HOU,RB,1
Nick Chubb,HOU,RB,2
Woody Marks,HOU,RB,3
Dare Ogunbowale,HOU,RB,4
Dameon Pierce,HOU,RB,5
Braxton Berrios,HOU,WR,1
Nico Collins,HOU,WR,2
Jayden Higgins,HOU,WR,3
Xavier Hutchinson,HOU,WR,4
Christian Kirk,HOU,WR,5
Jaylin Noel,HOU,WR,6
Harrison Bryant,HOU,TE,1
Dalton Schultz,HOU,TE,2
Joe Mixon,HOU,RB,6
Tank Dell,HOU,WR,7
Justin Watson,HOU,WR,8
Brevin Jordan,HOU,TE,3
Cade Stover,HOU,TE,4
Jawhar Jordan,HOU,RB,7
Quintez Cephus,HOU,WR,9
Josh Kelly,HOU,WR,10
Jared Wayne,HOU,WR,11
Luke Lachey,HOU,TE,5
Layne Pryor,HOU,TE,6
Daniel Jones,IND,QB,1
Riley Leonard,IND,QB,2
Ameer Abdullah,IND,RB,1
DJ Giddens,IND,RB,2
Tyler Goodson,IND,RB,3
Jonathan Taylor,IND,RB,4
Josh Downs,IND,WR,1
Ashton Dulin,IND,WR,2
Anthony Gould,IND,WR,3
Alec Pierce,IND,WR,4
Michael Pittman Jr.,IND,WR,5
Laquon Treadwell,IND,WR,6
Mo Alie-Cox,IND,TE,1
Will Mallory,IND,TE,2
Drew Ogletree,IND,TE,3
Tyler Warren,IND,TE,4
Anthony Richardson Sr.,IND,QB,3
Salvon Ahmed,IND,RB,5
D.J. Montgomery,IND,WR,7
Brett Rypien,IND,QB,4
Ulysses Bentley IV,IND,RB,6
Coleman Owen,IND,WR,8
Maximilian Mang,IND,TE,5
Sean McKeon,IND,TE,6
Trevor Lawrence,JAX,QB,1
Nick Mullens,JAX,QB,2
LeQuint Allen Jr.,JAX,RB,1
Travis Etienne Jr.,JAX,RB,2
Cody Schrader,JAX,RB,3
Bhayshul Tuten,JAX,RB,4
Dyami Brown,JAX,WR,1
Jakobi Meyers,JAX,WR,2
Tim Patrick,JAX,WR,3
Brian Thomas Jr.,JAX,WR,4
Austin Trammell,JAX,WR,5
Parker Washington,JAX,WR,6
Hunter Long,JAX,TE,1
Quintin Morris,JAX,TE,2
Johnny Mundt,JAX,TE,3
Joshua Cephus,JAX,WR,7
Travis Hunter,JAX,WR,8
Brenton Strange,JAX,TE,4
Carter Bradley,JAX,QB,3
Ja'Quinden Jackson,JAX,RB,5
Chandler Brayboy,JAX,WR,9
Tim Jones,JAX,WR,10
Jordan Akins,JAX,TE,5
Patrick Herbert,JAX,TE,6
Qadir Ismail,JAX,TE,7
Patrick Mahomes,KC,QB,1
Gardner Minshew,KC,QB,2
Kareem Hunt,KC,RB,1
Elijah Mitchell,KC,RB,2
Isiah Pacheco,KC,RB,3
Brashard Smith,KC,RB,4
Hollywood Brown,KC,WR,1
Nikko Remigio,KC,WR,2
Rashee Rice,KC,WR,3
Jalen Royals,KC,WR,4
JuJu Smith-Schuster,KC,WR,5
Tyquan Thornton,KC,WR,6
Xavier Worthy,KC,WR,7
Noah Gray,KC,TE,1
Travis Kelce,KC,TE,2
Robert Tonyan,KC,TE,3
Jared Wiley,KC,TE,4
Keaontay Ingram,KC,RB,5
Jake Briningstool,KC,TE,5
Chris Oladokun,KC,QB,3
Clyde Edwards-Helaire,KC,RB,6
Jason Brownlee,KC,WR,8
Jimmy Holiday,KC,WR,9
Tre Watson,KC,TE,6
Justin Herbert,LAC,QB,1
Trey Lance,LAC,QB,2
Kimani Vidal,LAC,RB,1
Keenan Allen,LAC,WR,1
Derius Davis,LAC,WR,2
Tre' Harris,LAC,WR,3
Quentin Johnston,LAC,WR,4
KeAndre Lambert-Smith,LAC,WR,5
Ladd McConkey,LAC,WR,6
Tyler Conklin,LAC,TE,1
Will Dissly,LAC,TE,2
Tucker Fisk,LAC,TE,3
Oronde Gadsden II,LAC,TE,4
Omarion Hampton,LAC,RB,2
Najee Harris,LAC,RB,3
Hassan Haskins,LAC,RB,4
DJ Uiagalelei,LAC,QB,3
Amar Johnson,LAC,RB,5
Jaret Patterson,LAC,RB,6
Trayveon Williams,LAC,RB,7
Dalevon Campbell,LAC,WR,7
Luke Grimm,LAC,WR,8
JaQuae Jackson,LAC,WR,9
Thomas Yassmin,LAC,TE,5
Stetson Bennett IV,LAR,QB,1
Jimmy Garoppolo,LAR,QB,2
Matthew Stafford,LAR,QB,3
Blake Corum,LAR,RB,1
Jarquez Hunter,LAR,RB,2
Ronnie Rivers,LAR,RB,3
Kyren Williams,LAR,RB,4
Davante Adams,LAR,WR,1
Konata Mumpfield,LAR,WR,2
Puka Nacua,LAR,WR,3
Xavier Smith,LAR,WR,4
Jordan Whittington,LAR,WR,5
Davis Allen,LAR,TE,1
Terrance Ferguson,LAR,TE,2
Tyler Higbee,LAR,TE,3
Colby Parkinson,LAR,TE,4
Tutu Atwell,LAR,WR,6
Tru Edwards,LAR,WR,7
Brennan Presley,LAR,WR,8
Tyler Scott,LAR,WR,9
Nick Muse,LAR,TE,5
Kenny Pickett,LV,QB,1
Geno Smith,LV,QB,2
Ashton Jeanty,LV,RB,1
Dylan Laube,LV,RB,2
Raheem Mostert,LV,RB,3
Zamir White,LV,RB,4
Alex Bachman,LV,WR,1
Jack Bech,LV,WR,2
Tyler Lockett,LV,WR,3
Dont'e Thornton Jr.,LV,WR,4
Tre Tucker,LV,WR,5
Brock Bowers,LV,TE,1
Michael Mayer,LV,TE,2
Carter Runyon,LV,TE,3
Ian Thomas,LV,TE,4
Aidan O'Connell,LV,QB,3
Cam Miller,LV,QB,4
Chris Collier,LV,RB,5
Phillip Dorsett II,LV,WR,6
Shedrick Jackson,LV,WR,7
Justin Shorter,LV,WR,8
DJ Turner,LV,WR,9
Albert Okwuegbunam Jr.,LV,TE,5
Quinn Ewers,MIA,QB,1
Tua Tagovailoa,MIA,QB,2
Zach Wilson,MIA,QB,3
De'Von Achane,MIA,RB,1
Ollie Gordon II,MIA,RB,2
Jaylen Wright,MIA,RB,3
Dee Eskridge,MIA,WR,1
Jaylen Waddle,MIA,WR,2
Malik Washington,MIA,WR,3
Tahj Washington,MIA,WR,4
Nick Westbrook-Ikhine,MIA,WR,5
Cedrick Wilson Jr.,MIA,WR,6
Greg Dulcich,MIA,TE,1
Julian Hill,MIA,TE,2
Hayden Rucci,MIA,TE,3
Alexander Mattison,MIA,RB,4
Tyreek Hill,MIA,WR,7
Jalin Conyers,MIA,TE,4
Darren Waller,MIA,TE,5
JaMycal Hasty,MIA,RB,5
Jeff Wilson Jr.,MIA,RB,6
AJ Henning,MIA,WR,8
Theo Wease Jr.,MIA,WR,9
Tanner Conner,MIA,TE,6
Chris Myarick,MIA,TE,7
Max Brosmer,MIN,QB,1
J.J. McCarthy,MIN,QB,2
Aaron Jones Sr.,MIN,RB,1
Jordan Mason,MIN,RB,2
Zavier Scott,MIN,RB,3
Jordan Addison,MIN,WR,1
Tai Felton,MIN,WR,2
Justin Jefferson,MIN,WR,3
Jalen Nailor,MIN,WR,4
Myles Price,MIN,WR,5
Adam Thielen,MIN,WR,6
T.J. Hockenson,MIN,TE,1
Josh Oliver,MIN,TE,2
Ben Sims,MIN,TE,3
Ben Yurosek,MIN,TE,4
Carson Wentz,MIN,QB,3
Ty Chandler,MIN,RB,4
Rondale Moore,MIN,WR,7
Gavin Bartholomew,MIN,TE,5
John Wolford,MIN,QB,4
Cam Akers,MIN,RB,5
Corey Kiner,MIN,RB,6
Dontae Fleming,MIN,WR,8
Jeshaun Jones,MIN,WR,9
Bryson Nesbit,MIN,TE,6
Nick Vannett,MIN,TE,7
Tommy DeVito,NE,QB,1
Joshua Dobbs,NE,QB,2
Drake Maye,NE,QB,3
TreVeyon Henderson,NE,RB,1
Terrell Jennings,NE,RB,2
D'Ernest Johnson,NE,RB,3
Rhamondre Stevenson,NE,RB,4
Kayshon Boutte,NE,WR,1
Efton Chism III,NE,WR,2
Stefon Diggs,NE,WR,3
DeMario Douglas,NE,WR,4
Mack Hollins,NE,WR,5
Jalen Hurd,NE,WR,6
Kyle Williams,NE,WR,7
Hunter Henry,NE,TE,1
Austin Hooper,NE,TE,2
Jack Westover,NE,TE,3
Antonio Gibson,NE,RB,5
Lan Larison,NE,RB,6
Deneric Prince,NE,RB,7
Rushawn Baker,NE,RB,8
Jashaun Corbin,NE,RB,9
Jonathan Ward,NE,RB,10
John Jiles,NE,WR,8
Jeremiah Webb,NE,WR,9
CJ Dippre,NE,TE,4
Thomas Odukoya,NE,TE,5
Taysom Hill,NO,QB,1
Spencer Rattler,NO,QB,2
Tyler Shough,NO,QB,3
Audric Estime,NO,RB,1
Alvin Kamara,NO,RB,2
Devin Neal,NO,RB,3
Brandin Cooks,NO,WR,1
Chris Olave,NO,WR,2
Mason Tipton,NO,WR,3
Devaughn Vele,NO,WR,4
Juwan Johnson,NO,TE,1
Zaire Mitchell-Paden,NO,TE,2
Foster Moreau,NO,TE,3
Jack Stoll,NO,TE,4
Kendre Miller,NO,RB,4
Bub Means,NO,WR,5
Trey Palmer,NO,WR,6
Ja'Lynn Polk,NO,WR,7
Mason Pline,NO,TE,5
Hunter Dekkers,NO,QB,4
Jake Haener,NO,QB,5
Evan Hull,NO,RB,5
Kevin Austin Jr.,NO,WR,8
Ronnie Bell,NO,WR,9
Dante Pettis,NO,WR,10
Moliki Matavao,NO,TE,6
Treyton Welch,NO,TE,7
Jaxson Dart,NYG,QB,1
Russell Wilson,NYG,QB,2
Jameis Winston,NYG,QB,3
Devin Singletary,NYG,RB,1
Tyrone Tracy Jr.,NYG,RB,2
Isaiah Hodgins,NYG,WR,1
Jalin Hyatt,NYG,WR,2
Gunner Olszewski,NYG,WR,3
Wan'Dale Robinson,NYG,WR,4
Darius Slayton,NYG,WR,5
Daniel Bellinger,NYG,TE,1
Thomas Fidone II,NYG,TE,2
Theo Johnson,NYG,TE,3
Chris Manhertz,NYG,TE,4
Eric Gray,NYG,RB,3
Cam Skattebo,NYG,RB,4
Beaux Collins,NYG,WR,6
Da'Quan Felton,NYG,WR,7
Bryce Ford-Wheaton,NYG,WR,8
Malik Nabers,NYG,WR,9
Dante Miller,NYG,RB,5
Dalen Cambre,NYG,WR,10
Ray-Ray McCloud III,NYG,WR,11
Ihmir Smith-Marsette,NYG,WR,12
Zach Davidson,NYG,TE,5
Justin Fields,NYJ,QB,1
Tyrod Taylor,NYJ,QB,2
Isaiah Davis,NYJ,RB,1
Breece Hall,NYJ,RB,2
Khalil Herbert,NYJ,RB,3
Kene Nwangwu,NYJ,RB,4
Tyler Johnson,NYJ,WR,1
Allen Lazard,NYJ,WR,2
John Metchie III,NYJ,WR,3
Adonai Mitchell,NYJ,WR,4
Arian Smith,NYJ,WR,5
Isaiah Williams,NYJ,WR,6
Jeremy Ruckert,NYJ,TE,1
Stone Smartt,NYJ,TE,2
Mason Taylor,NYJ,TE,3
Jelani Woods,NYJ,TE,4
Braelon Allen,NYJ,RB,5
Irvin Charles,NYJ,WR,7
Josh Reynolds,NYJ,WR,8
Garrett Wilson,NYJ,WR,9
Brady Cook,NYJ,QB,3
Keilan Robinson,NYJ,RB,6
Trenton Irwin,NYJ,WR,10
Jamaal Pritchett,NYJ,WR,11
Quentin Skinner,NYJ,WR,12
Sam Howell,PHI,QB,1
Jalen Hurts,PHI,QB,2
Tanner McKee,PHI,QB,3
Saquon Barkley,PHI,RB,1
Tank Bigsby,PHI,RB,2
AJ Dillon,PHI,RB,3
Will Shipley,PHI,RB,4
A.J. Brown,PHI,WR,1
Darius Cooper,PHI,WR,2
Jahan Dotson,PHI,WR,3
Xavier Gipson,PHI,WR,4
DeVonta Smith,PHI,WR,5
Grant Calcaterra,PHI,TE,1
Dallas Goedert,PHI,TE,2
Kylen Granson,PHI,TE,3
Cameron Latu,PHI,TE,4
Johnny Wilson,PHI,WR,6
Kyle McCord,PHI,QB,4
Britain Covey,PHI,WR,7
Danny Gray,PHI,WR,8
Quez Watkins,PHI,WR,9
E.J. Jenkins,PHI,TE,5
Will Howard,PIT,QB,1
Aaron Rodgers,PIT,QB,2
Mason Rudolph,PIT,QB,3
Kenneth Gainwell,PIT,RB,1
Kaleb Johnson,PIT,RB,2
Jaylen Warren,PIT,RB,3
Calvin Austin III,PIT,WR,1
DK Metcalf,PIT,WR,2
Scotty Miller,PIT,WR,3
Ben Skowronek,PIT,WR,4
Ke'Shawn Williams,PIT,WR,5
Roman Wilson,PIT,WR,6
Pat Freiermuth,PIT,TE,1
Connor Heyward,PIT,TE,2
Jonnu Smith,PIT,TE,3
Darnell Washington,PIT,TE,4
Skylar Thompson,PIT,QB,4
Donald Parham Jr.,PIT,TE,5
Max Hurleman,PIT,RB,4
Lew Nichols,PIT,RB,5
Trey Sermon,PIT,RB,6
Marquez Valdes-Scantling,PIT,WR,7
Matt Sokol,PIT,TE,6
Sam Darnold,SEA,QB,1
Drew Lock,SEA,QB,2
Jalen Milroe,SEA,QB,3
Zach Charbonnet,SEA,RB,1
George Holani,SEA,RB,2
Kenneth Walker III,SEA,RB,3
Jake Bobo,SEA,WR,1
Tory Horton,SEA,WR,2
Cooper Kupp,SEA,WR,3
Rashid Shaheed,SEA,WR,4
Jaxon Smith-Njigba,SEA,WR,5
Cody White,SEA,WR,6
Elijah Arroyo,SEA,TE,1
AJ Barner,SEA,TE,2
Nick Kallerup,SEA,TE,3
Kenny McIntosh,SEA,RB,4
Dareke Young,SEA,WR,7
Eric Saubert,SEA,TE,4
Myles Gaskin,SEA,RB,5
Jacardia Wright,SEA,RB,6
Tyrone Broden,SEA,WR,8
Courtney Jackson,SEA,WR,9
Ricky White III,SEA,WR,10
Marshall Lang,SEA,TE,5
Mac Jones,SF,QB,1
Brock Purdy,SF,QB,2
Isaac Guerendo,SF,RB,1
Jordan James,SF,RB,2
Christian McCaffrey,SF,RB,3
Brian Robinson Jr.,SF,RB,4
Kendrick Bourne,SF,WR,1
Jauan Jennings,SF,WR,2
Skyy Moore,SF,WR,3
Ricky Pearsall,SF,WR,4
Demarcus Robinson,SF,WR,5
Jordan Watkins,SF,WR,6
Luke Farrell,SF,TE,1
George Kittle,SF,TE,2
Jake Tonges,SF,TE,3
Kurtis Rourke,SF,QB,3
Patrick Taylor Jr.,SF,RB,5
Brandon Aiyuk,SF,WR,7
Jacob Cowing,SF,WR,8
Trent Taylor,SF,WR,9
Sincere McCormick,SF,RB,6
Junior Bergen,SF,WR,10
Russell Gage Jr.,SF,WR,11
Malik Turner,SF,WR,12
Brayden Willis,SF,TE,4
Teddy Bridgewater,TB,QB,1
Baker Mayfield,TB,QB,2
Bucky Irving,TB,RB,1
Sean Tucker,TB,RB,2
Rachaad White,TB,RB,3
Josh Williams,TB,RB,4
Owen Wright,TB,RB,5
Emeka Egbuka,TB,WR,1
Chris Godwin Jr.,TB,WR,2
Kameron Johnson,TB,WR,3
Tez Johnson,TB,WR,4
Ryan Miller,TB,WR,5
Sterling Shepard,TB,WR,6
Devin Culp,TB,TE,1
Payne Durham,TB,TE,2
Cade Otton,TB,TE,3
Mike Evans,TB,WR,7
Jalen McMillan,TB,WR,8
Jaden Smith,TB,WR,9
Ko Kieft,TB,TE,4
Connor Bazelak,TB,QB,3
Michael Wiley,TB,RB,6
Garrett Greene,TB,WR,10
Dennis Houston,TB,WR,11
Brandon Johnson,TB,WR,12
Tanner Taula,TB,TE,5
Brandon Allen,TEN,QB,1
Cam Ward,TEN,QB,2
Julius Chestnut,TEN,RB,1
Tony Pollard,TEN,RB,2
Tyjae Spears,TEN,RB,3
Elic Ayomanor,TEN,WR,1
Chimere Dike,TEN,WR,2
Van Jefferson,TEN,WR,3
Mason Kinsey,TEN,WR,4
Bryce Oliver,TEN,WR,5
Calvin Ridley,TEN,WR,6
Gunnar Helm,TEN,TE,1
David Martin-Robinson,TEN,TE,2
Chig Okonkwo,TEN,TE,3
Will Levis,TEN,QB,3
Kalel Mullings,TEN,RB,4
Trevor Siemian,TEN,QB,4
Jordan Mims,TEN,RB,5
Blake Watson,TEN,RB,6
Hal Presley,TEN,WR,7
James Proche II,TEN,WR,8
Xavier Restrepo,TEN,WR,9
Joel Wilson,TEN,TE,4
Jayden Daniels,WSH,QB,1
Josh Johnson,WSH,QB,2
Marcus Mariota,WSH,QB,3
Jacory Croskey-Merritt,WSH,RB,1
Jeremy McNichols,WSH,RB,2
Chris Rodriguez Jr.,WSH,RB,3
Treylon Burks,WSH,WR,1
Robbie Chosen,WSH,WR,2
Jacoby Jones,WSH,WR,3
Jaylin Lane,WSH,WR,4
Terry McLaurin,WSH,WR,5
Chris Moore,WSH,WR,6
Deebo Samuel,WSH,WR,7
John Bates,WSH,TE,1
Zach Ertz,WSH,TE,2
Ben Sinnott,WSH,TE,3
Colson Yankoff,WSH,TE,4
Austin Ekeler,WSH,RB,4
Noah Brown,WSH,WR,8
Luke McCaffrey,WSH,WR,9
Tyree Jackson,WSH,TE,5
Sam Hartman,WSH,QB,4
Chase Edmonds,WSH,RB,5
Donovan Edwards,WSH,RB,6
Ja'Corey Brooks,WSH,WR,10
Lawrence Cager,WSH,WR,11
River Cracraft,WSH,WR,12
